partido;profissao;sexo;grau_instrucao;estado_civil;STATUS
PSD;PREFEITO;MASCULINO;ENSINO MEDIO COMPLETO;SOLTEIRO(A);ELEITO
PMDB;COMERCIANTE;MASCULINO;ENSINO FUNDAMENTAL COMPLETO;CASADO(A);ELEITO
DEM;AGRICULTOR;MASCULINO;ENSINO MEDIO COMPLETO;SOLTEIRO(A);NAO ELEITO
PT;PREFEITO;MASCULINO;ENSINO MEDIO COMPLETO;CASADO(A);NAO ELEITO
PSD;MEDICO;MASCULINO;SUPERIOR COMPLETO;SOLTEIRO(A);NAO ELEITO
PSL;TECNICO CONTABILIDADE;MASCULINO;SUPERIOR COMPLETO;SOLTEIRO(A);NAO ELEITO
PT;AGENTE ADMINISTRATIVO;MASCULINO;SUPERIOR COMPLETO;CASADO(A);ELEITO
PSB;APOSENTADO (EXCETO SERVIDOR PUBLICO);MASCULINO;SUPERIOR INCOMPLETO;CASADO(A);ELEITO
PDT;MEDICO;MASCULINO;SUPERIOR COMPLETO;CASADO(A);NAO ELEITO
PT;PREFEITO;MASCULINO;SUPERIOR INCOMPLETO;DIVORCIADO(A);ELEITO
PV;PREFEITO;MASCULINO;SUPERIOR COMPLETO;CASADO(A);ELEITO
PT;PEDAGOGO;FEMININO;SUPERIOR COMPLETO;CASADO(A);NAO ELEITO
PSD;GERENTE;FEMININO;ENSINO MEDIO COMPLETO;CASADO(A);ELEITO
PSB;EMPRESARIO;MASCULINO;ENSINO MEDIO COMPLETO;CASADO(A);ELEITO
PPS;AGENTE DE SAUDE E SANITARISTA;MASCULINO;ENSINO MEDIO COMPLETO;DIVORCIADO(A);NAO ELEITO
PMDB;ADVOGADO;MASCULINO;SUPERIOR COMPLETO;SOLTEIRO(A);NAO ELEITO
PP;EMPRESARIO;MASCULINO;SUPERIOR COMPLETO;SOLTEIRO(A);NAO ELEITO
PC do B;SERVIDOR PUBLICO CIVIL APOSENTADO;MASCULINO;ENSINO MEDIO COMPLETO;CASADO(A);NAO ELEITO
PPS;COMERCIANTE;MASCULINO;ENSINO FUNDAMENTAL INCOMPLETO;SOLTEIRO(A);NAO ELEITO
PSTU;PROFESSOR DE ENSINO MEDIO;MASCULINO;SUPERIOR COMPLETO;CASADO(A);NAO ELEITO
PMDB;COMERCIANTE;MASCULINO;ENSINO MEDIO COMPLETO;CASADO(A);NAO ELEITO
PT;MEDICO;MASCULINO;SUPERIOR COMPLETO;SOLTEIRO(A);ELEITO
PSD;ADVOGADO;MASCULINO;SUPERIOR COMPLETO;CASADO(A);NAO ELEITO
PSB;MEDICO;FEMININO;SUPERIOR COMPLETO;CASADO(A);NAO ELEITO
PT;EMPRESARIO;MASCULINO;ENSINO FUNDAMENTAL COMPLETO;SOLTEIRO(A);ELEITO
PSL;VEREADOR;MASCULINO;SUPERIOR INCOMPLETO;CASADO(A);NAO ELEITO
PT;MEDICO;MASCULINO;SUPERIOR COMPLETO;SOLTEIRO(A);ELEITO
PRP;EMPRESARIO;MASCULINO;ENSINO MEDIO COMPLETO;SOLTEIRO(A);NAO ELEITO
PP;MEDICO;MASCULINO;SUPERIOR COMPLETO;CASADO(A);ELEITO
PMDB;ADMINISTRADOR;MASCULINO;SUPERIOR COMPLETO;SOLTEIRO(A);NAO ELEITO
PRB;EMPRESARIO;MASCULINO;SUPERIOR INCOMPLETO;CASADO(A);NAO ELEITO
PT;MEDICO;MASCULINO;SUPERIOR COMPLETO;CASADO(A);ELEITO
PP;VEREADOR;FEMININO;SUPERIOR COMPLETO;CASADO(A);ELEITO
PT;AGRICULTOR;MASCULINO;ENSINO MEDIO COMPLETO;SOLTEIRO(A);ELEITO
PSD;ADVOGADO;MASCULINO;SUPERIOR COMPLETO;CASADO(A);ELEITO
PDT;PREFEITO;MASCULINO;ENSINO MEDIO COMPLETO;CASADO(A);ELEITO
PC do B;POLICIAL CIVIL;MASCULINO;SUPERIOR COMPLETO;SOLTEIRO(A);NAO ELEITO
PR;PECUARISTA;MASCULINO;ENSINO FUNDAMENTAL INCOMPLETO;CASADO(A);ELEITO
PT;SACERDOTE OU MEMBRO DE ORDEM OU SEITA RELIGIOSA;MASCULINO;SUPERIOR COMPLETO;SOLTEIRO(A);ELEITO
PT;DEPUTADO;MASCULINO;SUPERIOR COMPLETO;SOLTEIRO(A);NAO ELEITO
PT;AGRICULTOR;FEMININO;ENSINO MEDIO COMPLETO;CASADO(A);NAO ELEITO
PP;SERVIDOR PUBLICO CIVIL APOSENTADO;FEMININO;SUPERIOR INCOMPLETO;VIUVO(A);ELEITO
PR;MEDICO;FEMININO;SUPERIOR COMPLETO;SEPARADO(A) JUDICIALMENTE;ELEITO
PSD;ODONTOLOGO;FEMININO;SUPERIOR COMPLETO;CASADO(A);ELEITO
PDT;EMPRESARIO;MASCULINO;ENSINO MEDIO COMPLETO;CASADO(A);ELEITO
PPS;ODONTOLOGO;MASCULINO;SUPERIOR COMPLETO;SOLTEIRO(A);NAO ELEITO
PSOL;ESTUDANTE;MASCULINO;ESTAGIARIO E ASSEMELHADOS;SOLTEIRO(A);NAO ELEITO
PSD;PREFEITO;MASCULINO;SUPERIOR COMPLETO;CASADO(A);NAO ELEITO
PT;PROFESSOR DE ENSINO MEDIO;FEMININO;SUPERIOR COMPLETO;SEPARADO(A) JUDICIALMENTE;ELEITO
PSD;ADVOGADO;MASCULINO;SUPERIOR COMPLETO;CASADO(A);ELEITO
PT;FARMACEUTICO;MASCULINO;SUPERIOR COMPLETO;CASADO(A);NAO ELEITO
PMDB;ENGENHEIRO;MASCULINO;SUPERIOR COMPLETO;CASADO(A);NAO ELEITO
PDT;PREFEITO;MASCULINO;SUPERIOR COMPLETO;CASADO(A);ELEITO
PSD;OUTROS;FEMININO;SUPERIOR COMPLETO;CASADO(A);ELEITO
PR;TECNICO CONTABILIDADE;FEMININO;SUPERIOR INCOMPLETO;SOLTEIRO(A);ELEITO
PTB;ENGENHEIRO;MASCULINO;SUPERIOR COMPLETO;CASADO(A);NAO ELEITO
PMDB;APOSENTADO (EXCETO SERVIDOR PUBLICO);MASCULINO;SUPERIOR INCOMPLETO;DIVORCIADO(A);ELEITO
PT;MEDICO;MASCULINO;SUPERIOR COMPLETO;DIVORCIADO(A);ELEITO
PSD;POLICIAL MILITAR;MASCULINO;ENSINO MEDIO COMPLETO;CASADO(A);NAO ELEITO
PDT;EMPRESARIO;MASCULINO;SUPERIOR INCOMPLETO;SOLTEIRO(A);ELEITO
PSC;EMPRESARIO;MASCULINO;ENSINO FUNDAMENTAL INCOMPLETO;DIVORCIADO(A);NAO ELEITO
DEM;PROFESSOR DE ENSINO MEDIO;MASCULINO;SUPERIOR COMPLETO;CASADO(A);NAO ELEITO
DEM;EMPRESARIO;MASCULINO;SUPERIOR INCOMPLETO;SOLTEIRO(A);NAO ELEITO
PMDB;MEDICO;MASCULINO;SUPERIOR COMPLETO;SOLTEIRO(A);NAO ELEITO
PSC;ADVOGADO;MASCULINO;SUPERIOR COMPLETO;CASADO(A);NAO ELEITO
PMDB;PREFEITO;MASCULINO;SUPERIOR INCOMPLETO;CASADO(A);ELEITO
PT;MEDICO;MASCULINO;SUPERIOR COMPLETO;SOLTEIRO(A);NAO ELEITO
PT;PREFEITO;MASCULINO;SUPERIOR COMPLETO;CASADO(A);ELEITO
DEM;DEPUTADO;MASCULINO;SUPERIOR COMPLETO;DIVORCIADO(A);ELEITO
PSOL;ESTUDANTE;MASCULINO; ESTAGIARIO E ASSEMELHADOS;CASADO(A);ELEITO
PSD;PREFEITO;MASCULINO;ENSINO FUNDAMENTAL INCOMPLETO;CASADO(A);NAO ELEITO
PMDB;SERVIDOR PUBLICO MUNICIPAL;MASCULINO;ENSINO MEDIO COMPLETO;CASADO(A);NAO ELEITO
PDT;FISIOTERAPEUTA E TERAPEUTA OCUPACIONAL;MASCULINO;SUPERIOR COMPLETO;SOLTEIRO(A);ELEITO
PMDB;PECUARISTA;MASCULINO;ENSINO MEDIO COMPLETO;CASADO(A);NAO ELEITO
PMDB;EMPRESARIO;MASCULINO;SUPERIOR INCOMPLETO;CASADO(A);NAO ELEITO
PDT;EMPRESARIO;MASCULINO;SUPERIOR COMPLETO;CASADO(A);NAO ELEITO
PSL;PREFEITO;MASCULINO;ENSINO FUNDAMENTAL COMPLETO;CASADO(A);NAO ELEITO
PSOL;OUTROS;MASCULINO;ENSINO MEDIO INCOMPLETO;SOLTEIRO(A);NAO ELEITO
PSD;PREFEITO;MASCULINO;ENSINO MEDIO COMPLETO;CASADO(A);ELEITO
PSD;COMERCIANTE;MASCULINO;ENSINO FUNDAMENTAL INCOMPLETO;CASADO(A);NAO ELEITO
PMDB;AGRICULTOR;MASCULINO;ENSINO MEDIO COMPLETO;SOLTEIRO(A);NAO ELEITO
PT;PREFEITO;MASCULINO;SUPERIOR COMPLETO;SOLTEIRO(A);ELEITO
PRP;PREFEITO;MASCULINO;SUPERIOR COMPLETO;CASADO(A);ELEITO
PT;PREFEITO;MASCULINO;SUPERIOR COMPLETO;CASADO(A);ELEITO
PSC;PROFESSOR DE ENSINO MEDIO;MASCULINO;SUPERIOR COMPLETO;CASADO(A);ELEITO
PP;ADVOGADO;MASCULINO;SUPERIOR COMPLETO;SOLTEIRO(A);NAO ELEITO
PSD;AGRICULTOR;MASCULINO;ENSINO MEDIO COMPLETO;DIVORCIADO(A);ELEITO
PP;EMPRESARIO;MASCULINO;ENSINO MEDIO COMPLETO;CASADO(A);ELEITO
PRP;SERVIDOR PUBLICO MUNICIPAL;MASCULINO;ENSINO MEDIO COMPLETO;CASADO(A);NAO ELEITO
DEM;PROFESSOR DE ENSINO MEDIO;MASCULINO;SUPERIOR INCOMPLETO;SOLTEIRO(A);NAO ELEITO
PR;VEREADOR;MASCULINO;SUPERIOR INCOMPLETO;SOLTEIRO(A);NAO ELEITO
PSB;PREFEITO;MASCULINO;SUPERIOR COMPLETO;DIVORCIADO(A);NAO ELEITO
PSB;EMPRESARIO;MASCULINO;SUPERIOR COMPLETO;SOLTEIRO(A);NAO ELEITO
PT;PREFEITO;MASCULINO;SUPERIOR COMPLETO;SOLTEIRO(A);ELEITO
PSD;PREFEITO;MASCULINO;ENSINO MEDIO INCOMPLETO;CASADO(A);NAO ELEITO
PMDB;DESENHISTA;MASCULINO;SUPERIOR INCOMPLETO;DIVORCIADO(A);NAO ELEITO
PPS;PROFESSOR DE ENSINO MEDIO;MASCULINO;SUPERIOR COMPLETO;CASADO(A);NAO ELEITO
PC do B;PREFEITO;MASCULINO;ENSINO MEDIO COMPLETO;CASADO(A);NAO ELEITO
PSD;PECUARISTA;MASCULINO;ENSINO MEDIO INCOMPLETO;CASADO(A);ELEITO
PT;ENGENHEIRO;MASCULINO;SUPERIOR COMPLETO;SOLTEIRO(A);NAO ELEITO
PP;AGRICULTOR;MASCULINO;ENSINO FUNDAMENTAL INCOMPLETO;CASADO(A);ELEITO
PP;ECONOMISTA;MASCULINO;SUPERIOR COMPLETO;CASADO(A);ELEITO
PT;COMERCIANTE;MASCULINO;ENSINO MEDIO COMPLETO;CASADO(A);NAO ELEITO
PDT;AGRICULTOR;MASCULINO;ENSINO FUNDAMENTAL INCOMPLETO;SOLTEIRO(A);ELEITO
PSD;PREFEITO;MASCULINO;ENSINO MEDIO COMPLETO;CASADO(A);NAO ELEITO
PSL;ADMINISTRADOR;MASCULINO;ENSINO MEDIO COMPLETO;CASADO(A);NAO ELEITO
PSD;ADVOGADO;MASCULINO;SUPERIOR COMPLETO;SOLTEIRO(A);NAO ELEITO
PMDB;COMERCIARIO;MASCULINO;ENSINO MEDIO COMPLETO;CASADO(A);NAO ELEITO
PDT;VETERINARIO;MASCULINO;SUPERIOR COMPLETO;CASADO(A);NAO ELEITO
PP;PECUARISTA;MASCULINO;SUPERIOR COMPLETO;CASADO(A);ELEITO
PMDB;AGRONOMO;MASCULINO;SUPERIOR COMPLETO;SOLTEIRO(A);ELEITO
PR;MEDICO;MASCULINO;SUPERIOR COMPLETO;SOLTEIRO(A);NAO ELEITO
PSB;ADMINISTRADOR;MASCULINO;SUPERIOR COMPLETO;CASADO(A);ELEITO
PSL;AGRICULTOR;MASCULINO;ENSINO FUNDAMENTAL COMPLETO;CASADO(A);ELEITO
PDT;ADVOGADO;MASCULINO;SUPERIOR COMPLETO;CASADO(A);NAO ELEITO
PSOL;COMERCIANTE;MASCULINO;ENSINO MEDIO COMPLETO;SEPARADO(A) JUDICIALMENTE;NAO ELEITO
PSB;AGENTE ADMINISTRATIVO;MASCULINO;SUPERIOR INCOMPLETO;SOLTEIRO(A);NAO ELEITO
PRB;POLICIAL CIVIL;MASCULINO;SUPERIOR COMPLETO;SOLTEIRO(A);NAO ELEITO
PP;ENGENHEIRO;MASCULINO;SUPERIOR COMPLETO;CASADO(A);ELEITO
PMDB;SERVIDOR PUBLICO ESTADUAL;MASCULINO;SUPERIOR COMPLETO;CASADO(A);ELEITO
PSDB;ECONOMISTA;MASCULINO;SUPERIOR COMPLETO;SOLTEIRO(A);ELEITO
PP;PROFESSOR DE ENSINO SUPERIOR;MASCULINO;SUPERIOR COMPLETO;SOLTEIRO(A);NAO ELEITO
PSB;COMERCIANTE;MASCULINO;ENSINO FUNDAMENTAL INCOMPLETO;CASADO(A);NAO ELEITO
PTB;ADVOGADO;MASCULINO;SUPERIOR COMPLETO;CASADO(A);NAO ELEITO
PSB;PECUARISTA;MASCULINO;ENSINO FUNDAMENTAL INCOMPLETO;CASADO(A);ELEITO
PSD;COMERCIANTE;MASCULINO;SUPERIOR COMPLETO;CASADO(A);NAO ELEITO
PP;AGRICULTOR;MASCULINO;SUPERIOR COMPLETO;CASADO(A);NAO ELEITO
PSC;OUTROS;FEMININO;ENSINO MEDIO COMPLETO;SOLTEIRO(A);NAO ELEITO
PMDB;AGRICULTOR;MASCULINO;ENSINO FUNDAMENTAL INCOMPLETO;CASADO(A);ELEITO
PT;AGRONOMO;MASCULINO;SUPERIOR COMPLETO;CASADO(A);ELEITO
PSD;PREFEITO;FEMININO;ENSINO FUNDAMENTAL COMPLETO;CASADO(A);ELEITO
PV;EMPRESARIO;MASCULINO;SUPERIOR COMPLETO;SOLTEIRO(A);ELEITO
PMDB;SERVIDOR PUBLICO MUNICIPAL;FEMININO;SUPERIOR INCOMPLETO;CASADO(A);ELEITO
PT;PREFEITO;MASCULINO;SUPERIOR COMPLETO;CASADO(A);NAO ELEITO
PT;COMERCIARIO;MASCULINO;SUPERIOR INCOMPLETO;SOLTEIRO(A);NAO ELEITO
PR;PROFESSOR DE ENSINO SUPERIOR;FEMININO;SUPERIOR COMPLETO;CASADO(A);NAO ELEITO
PRB;COMERCIANTE;MASCULINO;LE E ESCREVE;CASADO(A);NAO ELEITO
PR;ADVOGADO;MASCULINO;SUPERIOR COMPLETO;SOLTEIRO(A);NAO ELEITO
PSOL;OUTROS;MASCULINO;ENSINO MEDIO INCOMPLETO;CASADO(A);NAO ELEITO
PHS;PRODUTOR AGROPECUARIO;MASCULINO;ENSINO MEDIO COMPLETO;CASADO(A);NAO ELEITO
PRB;COMERCIANTE;MASCULINO;SUPERIOR COMPLETO;DIVORCIADO(A);NAO ELEITO
PT;BANCARIO E ECONOMIARIO;MASCULINO;SUPERIOR INCOMPLETO;CASADO(A);NAO ELEITO
PTN;EMPRESARIO;MASCULINO;ENSINO MEDIO COMPLETO;CASADO(A);NAO ELEITO
PMDB;COMERCIANTE;MASCULINO;ENSINO MEDIO COMPLETO;CASADO(A);NAO ELEITO
PSOL;OUTROS;MASCULINO;ENSINO MEDIO COMPLETO;CASADO(A);NAO ELEITO
PSD;PREFEITO;MASCULINO;ENSINO MEDIO COMPLETO;CASADO(A);NAO ELEITO
PSB;AGRICULTOR;MASCULINO;ENSINO MEDIO COMPLETO;CASADO(A);NAO ELEITO
PP;COMERCIANTE;MASCULINO;ENSINO FUNDAMENTAL COMPLETO;CASADO(A);ELEITO
PDT;EMPRESARIO;MASCULINO;ENSINO MEDIO COMPLETO;CASADO(A);NAO ELEITO
PMDB;PREFEITO;MASCULINO;ENSINO MEDIO COMPLETO;CASADO(A);NAO ELEITO
PT;AGRONOMO;MASCULINO;SUPERIOR COMPLETO;SOLTEIRO(A);ELEITO
PDT;MEDICO;MASCULINO;SUPERIOR COMPLETO;CASADO(A);NAO ELEITO
PHS;ADVOGADO;MASCULINO;SUPERIOR COMPLETO;DIVORCIADO(A);NAO ELEITO
PPS;EMPRESARIO;MASCULINO;ENSINO MEDIO COMPLETO;CASADO(A);ELEITO
PT;ECONOMISTA;MASCULINO;SUPERIOR COMPLETO;CASADO(A);NAO ELEITO
PP;VEREADOR;MASCULINO;SUPERIOR COMPLETO;SOLTEIRO(A);ELEITO
PSD;OUTROS;MASCULINO;ENSINO MEDIO COMPLETO;SOLTEIRO(A);NAO ELEITO
PT;COMERCIANTE;MASCULINO;SUPERIOR COMPLETO;CASADO(A);NAO ELEITO
PP;AGRICULTOR;MASCULINO;ENSINO MEDIO COMPLETO;CASADO(A);NAO ELEITO
PDT;EMPRESARIO;MASCULINO;ENSINO MEDIO COMPLETO;SOLTEIRO(A);NAO ELEITO
PT;MEDICO;MASCULINO;SUPERIOR COMPLETO;SOLTEIRO(A);ELEITO
PP;VEREADOR;MASCULINO;SUPERIOR INCOMPLETO;SOLTEIRO(A);NAO ELEITO
PSDC;ADMINISTRADOR;MASCULINO;SUPERIOR INCOMPLETO;DIVORCIADO(A);NAO ELEITO
PT;PROFESSOR DE ENSINO MEDIO;FEMININO;SUPERIOR COMPLETO;CASADO(A);NAO ELEITO
PT;PREFEITO;FEMININO;SUPERIOR COMPLETO;CASADO(A);ELEITO
PC do B;VEREADOR;MASCULINO;SUPERIOR COMPLETO;SOLTEIRO(A);ELEITO
PP;EMPRESARIO;MASCULINO;SUPERIOR COMPLETO;CASADO(A);NAO ELEITO
PSD;EMPRESARIO;FEMININO;ENSINO MEDIO COMPLETO;SOLTEIRO(A);NAO ELEITO
PT;MEDICO;MASCULINO;SUPERIOR COMPLETO;CASADO(A);ELEITO
PSD;PREFEITO;MASCULINO;ENSINO MEDIO COMPLETO;CASADO(A);ELEITO
PP;PREFEITO;MASCULINO;ENSINO MEDIO COMPLETO;CASADO(A);ELEITO
PTC;PROFESSOR DE ENSINO MEDIO;FEMININO;SUPERIOR COMPLETO;CASADO(A);NAO ELEITO
PSOL;PROFESSOR DE ENSINO FUNDAMENTAL;MASCULINO;SUPERIOR INCOMPLETO;SOLTEIRO(A);NAO ELEITO
PT;ASSISTENTE SOCIAL;FEMININO;SUPERIOR COMPLETO;SOLTEIRO(A);NAO ELEITO
PT;AGRICULTOR;MASCULINO;ENSINO FUNDAMENTAL COMPLETO;CASADO(A);NAO ELEITO
PDT;POLICIAL MILITAR;MASCULINO;ENSINO FUNDAMENTAL COMPLETO;DIVORCIADO(A);NAO ELEITO
PRB;VEREADOR;MASCULINO;ENSINO MEDIO COMPLETO;CASADO(A);ELEITO
PSD;EMPRESARIO;FEMININO;SUPERIOR INCOMPLETO;CASADO(A);ELEITO
PC do B;PREFEITO;MASCULINO;SUPERIOR COMPLETO;CASADO(A);NAO ELEITO
PTB;AGRICULTOR;MASCULINO;ENSINO MEDIO COMPLETO;SOLTEIRO(A);NAO ELEITO
PT;OUTROS;MASCULINO;SUPERIOR INCOMPLETO;CASADO(A);NAO ELEITO
PSOL;SERVIDOR PUBLICO MUNICIPAL;MASCULINO;SUPERIOR COMPLETO;DIVORCIADO(A);NAO ELEITO
PT;EMPRESARIO;MASCULINO;SUPERIOR COMPLETO;CASADO(A);ELEITO
PP;MEDICO;MASCULINO;SUPERIOR COMPLETO;CASADO(A);NAO ELEITO
PSC;ADMINISTRADOR;MASCULINO;SUPERIOR COMPLETO;CASADO(A);NAO ELEITO
PDT;PROFESSOR DE ENSINO FUNDAMENTAL;MASCULINO;SUPERIOR COMPLETO;SOLTEIRO(A);ELEITO
PSD;PREFEITO;MASCULINO;ENSINO MEDIO COMPLETO;CASADO(A);ELEITO
PTC;ARTESAO;MASCULINO;ENSINO FUNDAMENTAL INCOMPLETO;SOLTEIRO(A);NAO ELEITO
PP;COMERCIANTE;MASCULINO;ENSINO MEDIO COMPLETO;CASADO(A);ELEITO
PT;OUTROS;MASCULINO;ENSINO MEDIO COMPLETO;SOLTEIRO(A);ELEITO
PSD;PREFEITO;MASCULINO;ENSINO MEDIO COMPLETO;CASADO(A);ELEITO
PC do B;SERVIDOR PUBLICO ESTADUAL;MASCULINO;ENSINO MEDIO COMPLETO;CASADO(A);ELEITO
PMDB;ADMINISTRADOR;FEMININO;SUPERIOR COMPLETO;CASADO(A);NAO ELEITO
DEM;ADMINISTRADOR;MASCULINO;ENSINO MEDIO COMPLETO;CASADO(A);NAO ELEITO
PDT;MEDICO;MASCULINO;SUPERIOR COMPLETO;CASADO(A);NAO ELEITO
PP;SERVIDOR PUBLICO MUNICIPAL;FEMININO;ENSINO MEDIO COMPLETO;SOLTEIRO(A);ELEITO
PTB;COMERCIANTE;MASCULINO;SUPERIOR COMPLETO;SOLTEIRO(A);NAO ELEITO
PMDB;VEREADOR;MASCULINO;SUPERIOR COMPLETO;CASADO(A);NAO ELEITO
PSB;VEREADOR;FEMININO;SUPERIOR COMPLETO;CASADO(A);NAO ELEITO
PT;EMPRESARIO;MASCULINO;ENSINO MEDIO COMPLETO;DIVORCIADO(A);NAO ELEITO
PSOL;PROFESSOR DE ENSINO MEDIO;MASCULINO;SUPERIOR COMPLETO;CASADO(A);NAO ELEITO
PT;SERVIDOR PUBLICO ESTADUAL;FEMININO;ENSINO FUNDAMENTAL COMPLETO;SOLTEIRO(A);NAO ELEITO
PT;ADVOGADO;MASCULINO;SUPERIOR COMPLETO;CASADO(A);NAO ELEITO
PT;TRABALHADOR RURAL;MASCULINO;ENSINO MEDIO COMPLETO;CASADO(A);NAO ELEITO
PT;BANCARIO E ECONOMIARIO;MASCULINO;SUPERIOR COMPLETO;CASADO(A);NAO ELEITO
PT;COMERCIANTE;MASCULINO;ENSINO MEDIO COMPLETO;CASADO(A);NAO ELEITO
PT do B;EMPRESARIO;MASCULINO;SUPERIOR INCOMPLETO;CASADO(A);NAO ELEITO
PSD;PREFEITO;MASCULINO;ENSINO MEDIO COMPLETO;CASADO(A);NAO ELEITO
PRB;PROFESSOR DE ENSINO FUNDAMENTAL;MASCULINO;SUPERIOR COMPLETO;CASADO(A);ELEITO
PDT;TRABALHADOR RURAL;MASCULINO;ENSINO MEDIO COMPLETO;SOLTEIRO(A);NAO ELEITO
PSD;EMPRESARIO;FEMININO;ENSINO MEDIO COMPLETO;CASADO(A);ELEITO
PSDB;ADVOGADO;MASCULINO;SUPERIOR COMPLETO;CASADO(A);NAO ELEITO
PRTB;EMPRESARIO;MASCULINO;SUPERIOR COMPLETO;CASADO(A);ELEITO
PRB;OUTROS;MASCULINO;ENSINO FUNDAMENTAL INCOMPLETO;CASADO(A);NAO ELEITO
PPS;SACERDOTE OU MEMBRO DE ORDEM OU SEITA RELIGIOSA;MASCULINO;SUPERIOR COMPLETO;SOLTEIRO(A);ELEITO
PT;APOSENTADO (EXCETO SERVIDOR PUBLICO);MASCULINO;ENSINO MEDIO COMPLETO;CASADO(A);NAO ELEITO
PMDB;MEDICO;MASCULINO;SUPERIOR COMPLETO;CASADO(A);ELEITO
PP;COMERCIANTE;MASCULINO;ENSINO FUNDAMENTAL INCOMPLETO;CASADO(A);NAO ELEITO
DEM;EMPRESARIO;MASCULINO;ENSINO FUNDAMENTAL INCOMPLETO;SOLTEIRO(A);NAO ELEITO
PT;COMERCIANTE;MASCULINO;ENSINO MEDIO COMPLETO;CASADO(A);ELEITO
PMDB;ADVOGADO;MASCULINO;SUPERIOR COMPLETO;CASADO(A);NAO ELEITO
PSD;PROFESSOR DE ENSINO MEDIO;MASCULINO;SUPERIOR COMPLETO;SOLTEIRO(A);ELEITO
PC do B;OPERADOR DE IMPLEMENTO DE AGRICULTURA;MASCULINO;ENSINO MEDIO COMPLETO;SOLTEIRO(A);NAO ELEITO
PSD;COMERCIANTE;FEMININO;ENSINO MEDIO COMPLETO;CASADO(A);NAO ELEITO
PSD;EMPRESARIO;FEMININO;ENSINO MEDIO COMPLETO;SOLTEIRO(A);ELEITO
DEM;PECUARISTA;MASCULINO;ENSINO MEDIO COMPLETO;CASADO(A);NAO ELEITO
PSD;PROFESSOR DE ENSINO FUNDAMENTAL;MASCULINO;ENSINO MEDIO COMPLETO;CASADO(A);ELEITO
PMDB;COMERCIANTE;MASCULINO;SUPERIOR INCOMPLETO;CASADO(A);NAO ELEITO
PP;PREFEITO;MASCULINO;ENSINO MEDIO COMPLETO;CASADO(A);NAO ELEITO
PSD;AGRICULTOR;MASCULINO;ENSINO MEDIO INCOMPLETO;DIVORCIADO(A);ELEITO
PDT;ADMINISTRADOR;MASCULINO;ENSINO MEDIO COMPLETO;CASADO(A);ELEITO
PT;EMPRESARIO;MASCULINO;ENSINO MEDIO COMPLETO;CASADO(A);ELEITO
PSD;ADVOGADO;MASCULINO;SUPERIOR COMPLETO;CASADO(A);NAO ELEITO
PP;COMERCIANTE;MASCULINO;ENSINO MEDIO COMPLETO;CASADO(A);NAO ELEITO
PT;PREFEITO;FEMININO;ENSINO FUNDAMENTAL INCOMPLETO;SOLTEIRO(A);ELEITO
PMN;CORRETOR DE IMOVEIS;FEMININO; TITULOS E VALORES;SOLTEIRO(A);ELEITO
PP;OUTROS;MASCULINO;ENSINO MEDIO COMPLETO;CASADO(A);ELEITO
PSOL;COZINHEIRO;MASCULINO;ENSINO MEDIO COMPLETO;SOLTEIRO(A);NAO ELEITO
PRB;DONA DE CASA;FEMININO;SUPERIOR INCOMPLETO;CASADO(A);NAO ELEITO
PP;SERVIDOR PUBLICO ESTADUAL;MASCULINO;SUPERIOR COMPLETO;CASADO(A);ELEITO
PRP;COMERCIANTE;MASCULINO;ENSINO MEDIO COMPLETO;CASADO(A);NAO ELEITO
PSD;APOSENTADO (EXCETO SERVIDOR PUBLICO);MASCULINO;ENSINO MEDIO COMPLETO;VIUVO(A);NAO ELEITO
PT;ADVOGADO;MASCULINO;SUPERIOR COMPLETO;SOLTEIRO(A);ELEITO
DEM;EMPRESARIO;MASCULINO;ENSINO MEDIO INCOMPLETO;CASADO(A);ELEITO
PT;PROFESSOR DE ENSINO MEDIO;MASCULINO;SUPERIOR COMPLETO;CASADO(A);ELEITO
DEM;PREFEITO;MASCULINO;ENSINO FUNDAMENTAL INCOMPLETO;CASADO(A);NAO ELEITO
PP;APOSENTADO (EXCETO SERVIDOR PUBLICO);MASCULINO;ENSINO MEDIO COMPLETO;DIVORCIADO(A);NAO ELEITO
PSD;EMPRESARIO;MASCULINO;ENSINO MEDIO COMPLETO;SOLTEIRO(A);ELEITO
PV;CANTOR E COMPOSITOR;MASCULINO;ENSINO FUNDAMENTAL COMPLETO;SOLTEIRO(A);NAO ELEITO
PRB;COMERCIANTE;FEMININO;ENSINO MEDIO COMPLETO;SOLTEIRO(A);NAO ELEITO
PT;ADMINISTRADOR;MASCULINO;SUPERIOR COMPLETO;DIVORCIADO(A);NAO ELEITO
PP;PREFEITO;MASCULINO;ENSINO MEDIO COMPLETO;CASADO(A);NAO ELEITO
PTC;SERVIDOR PUBLICO ESTADUAL;MASCULINO;SUPERIOR INCOMPLETO;CASADO(A);NAO ELEITO
PT;EMPRESARIO;MASCULINO;SUPERIOR INCOMPLETO;CASADO(A);ELEITO
PT;ADMINISTRADOR;MASCULINO;ENSINO FUNDAMENTAL INCOMPLETO;SOLTEIRO(A);NAO ELEITO
PSC;AGRICULTOR;MASCULINO;ENSINO FUNDAMENTAL INCOMPLETO;CASADO(A);ELEITO
PT;PREFEITO;MASCULINO;SUPERIOR COMPLETO;SOLTEIRO(A);ELEITO
PR;VEREADOR;FEMININO;LE E ESCREVE;CASADO(A);ELEITO
PTN;MEDICO;MASCULINO;SUPERIOR COMPLETO;CASADO(A);ELEITO
PSD;CONTADOR;MASCULINO;SUPERIOR COMPLETO;CASADO(A);ELEITO
PRP;PRODUTOR AGROPECUARIO;MASCULINO;ENSINO FUNDAMENTAL INCOMPLETO;CASADO(A);NAO ELEITO
PDT;COMERCIANTE;MASCULINO;ENSINO MEDIO COMPLETO;CASADO(A);NAO ELEITO
PT;PECUARISTA;MASCULINO;ENSINO FUNDAMENTAL COMPLETO;CASADO(A);NAO ELEITO
PT;COMERCIANTE;MASCULINO;ENSINO MEDIO COMPLETO;SOLTEIRO(A);NAO ELEITO
PRB;SERVIDOR PUBLICO MUNICIPAL;FEMININO;ENSINO MEDIO COMPLETO;SOLTEIRO(A);NAO ELEITO
PSDB;PREFEITO;MASCULINO;SUPERIOR INCOMPLETO;DIVORCIADO(A);ELEITO
PT do B;AGENTE POSTAL;MASCULINO;ENSINO MEDIO COMPLETO;CASADO(A);NAO ELEITO
PT do B;VEREADOR;MASCULINO;ENSINO MEDIO COMPLETO;SOLTEIRO(A);NAO ELEITO
PRB;TABELIAO;MASCULINO;SUPERIOR COMPLETO;CASADO(A);NAO ELEITO
PP;ADMINISTRADOR;MASCULINO;ENSINO MEDIO COMPLETO;SOLTEIRO(A);NAO ELEITO
PT;PROFESSOR DE ENSINO MEDIO;MASCULINO;SUPERIOR COMPLETO;CASADO(A);NAO ELEITO
PSD;ADVOGADO;MASCULINO;SUPERIOR COMPLETO;CASADO(A);NAO ELEITO
PDT;VEREADOR;MASCULINO;ENSINO FUNDAMENTAL INCOMPLETO;SOLTEIRO(A);NAO ELEITO
PT;VEREADOR;MASCULINO;SUPERIOR INCOMPLETO;CASADO(A);ELEITO
PSD;EMPRESARIO;MASCULINO;ENSINO MEDIO INCOMPLETO;CASADO(A);ELEITO
PMDB;SERVIDOR PUBLICO FEDERAL;MASCULINO;SUPERIOR COMPLETO;CASADO(A);NAO ELEITO
PSB;CONTADOR;MASCULINO;SUPERIOR COMPLETO;SOLTEIRO(A);ELEITO
PTB;BANCARIO E ECONOMIARIO;MASCULINO;SUPERIOR COMPLETO;CASADO(A);NAO ELEITO
PTC;PREFEITO;MASCULINO;ENSINO MEDIO COMPLETO;CASADO(A);NAO ELEITO
PT;SERVIDOR PUBLICO FEDERAL;MASCULINO;SUPERIOR COMPLETO;SOLTEIRO(A);NAO ELEITO
PTC;SERVIDOR PUBLICO MUNICIPAL;MASCULINO;ENSINO MEDIO INCOMPLETO;SOLTEIRO(A);NAO ELEITO
DEM;SERVIDOR PUBLICO MUNICIPAL;MASCULINO;ENSINO MEDIO COMPLETO;DIVORCIADO(A);NAO ELEITO
PSOL;COMERCIARIO;MASCULINO;ENSINO MEDIO COMPLETO;CASADO(A);NAO ELEITO
PSB;ADVOGADO;MASCULINO;SUPERIOR COMPLETO;CASADO(A);NAO ELEITO
PSD;PREFEITO;MASCULINO;ENSINO MEDIO COMPLETO;CASADO(A);ELEITO
PTB;EMPRESARIO;MASCULINO;ENSINO MEDIO COMPLETO;CASADO(A);ELEITO
DEM;EMPRESARIO;FEMININO;ENSINO MEDIO COMPLETO;CASADO(A);NAO ELEITO
PTB;PREFEITO;MASCULINO;ENSINO MEDIO COMPLETO;CASADO(A);NAO ELEITO
PT;COMERCIANTE;FEMININO;ENSINO MEDIO COMPLETO;CASADO(A);NAO ELEITO
PT;AGRICULTOR;MASCULINO;ENSINO MEDIO INCOMPLETO;CASADO(A);ELEITO
PP;VETERINARIO;MASCULINO;SUPERIOR COMPLETO;CASADO(A);ELEITO
PT do B;EMPRESARIO;MASCULINO;ENSINO MEDIO COMPLETO;SOLTEIRO(A);NAO ELEITO
PP;COMERCIANTE;FEMININO;ENSINO MEDIO COMPLETO;CASADO(A);ELEITO
PPS;ADVOGADO;MASCULINO;SUPERIOR COMPLETO;CASADO(A);NAO ELEITO
PT;COMERCIANTE;MASCULINO;SUPERIOR INCOMPLETO;CASADO(A);NAO ELEITO
PC do B;PREFEITO;MASCULINO;SUPERIOR COMPLETO;SOLTEIRO(A);ELEITO
PP;DONA DE CASA;FEMININO;ENSINO FUNDAMENTAL COMPLETO;SOLTEIRO(A);ELEITO
PP;PREFEITO;FEMININO;SUPERIOR COMPLETO;CASADO(A);ELEITO
PSD;COMERCIANTE;MASCULINO;ENSINO FUNDAMENTAL COMPLETO;CASADO(A);NAO ELEITO
PRTB;SERVIDOR PUBLICO ESTADUAL;MASCULINO;ENSINO MEDIO COMPLETO;CASADO(A);NAO ELEITO
PSD;TECNICO CONTABILIDADE;MASCULINO;ENSINO MEDIO COMPLETO;CASADO(A);NAO ELEITO
PMDB;TRABALHADOR DOS SERVICOS DE CONTABILIDADE;MASCULINO;MASCULINO;CASADO(A);ELEITO
PRB;ENFERMEIRO;FEMININO;SUPERIOR INCOMPLETO;CASADO(A);NAO ELEITO
PTB;AGRICULTOR;MASCULINO;ENSINO MEDIO COMPLETO;CASADO(A);NAO ELEITO
PSB;EMPRESARIO;MASCULINO;ENSINO MEDIO COMPLETO;CASADO(A);NAO ELEITO
PSC;ADVOGADO;FEMININO;SUPERIOR COMPLETO;CASADO(A);NAO ELEITO
PTN;AGRICULTOR;MASCULINO;LE E ESCREVE;CASADO(A);NAO ELEITO
PT;OUTROS;MASCULINO;SUPERIOR COMPLETO;CASADO(A);NAO ELEITO
PP;ENGENHEIRO;MASCULINO;SUPERIOR COMPLETO;CASADO(A);NAO ELEITO
PDT;DEPUTADO;MASCULINO;SUPERIOR COMPLETO;CASADO(A);NAO ELEITO
PP;VEREADOR;MASCULINO;SUPERIOR COMPLETO;CASADO(A);NAO ELEITO
PSDB;AGRICULTOR;MASCULINO;ENSINO FUNDAMENTAL COMPLETO;SOLTEIRO(A);ELEITO
PSDB;ADMINISTRADOR;FEMININO;ENSINO MEDIO COMPLETO;CASADO(A);NAO ELEITO
PV;DEPUTADO;MASCULINO;ENSINO MEDIO COMPLETO;SOLTEIRO(A);ELEITO
PTC;RECEPCIONISTA;FEMININO;ENSINO MEDIO COMPLETO;CASADO(A);NAO ELEITO
PT;EMPRESARIO;MASCULINO;ENSINO MEDIO COMPLETO;CASADO(A);ELEITO
PT;PROFESSOR DE ENSINO MEDIO;MASCULINO;SUPERIOR COMPLETO;SOLTEIRO(A);ELEITO
PT;OUTROS;MASCULINO;ENSINO MEDIO COMPLETO;SOLTEIRO(A);NAO ELEITO
PP;COMERCIANTE;MASCULINO;ENSINO MEDIO COMPLETO;CASADO(A);NAO ELEITO
PSDB;EMPRESARIO;MASCULINO;ENSINO MEDIO COMPLETO;CASADO(A);NAO ELEITO
PR;ADVOGADO;MASCULINO;SUPERIOR COMPLETO;CASADO(A);NAO ELEITO
PT;SERVIDOR PUBLICO ESTADUAL;MASCULINO;SUPERIOR COMPLETO;CASADO(A);NAO ELEITO
PSDB;PECUARISTA;MASCULINO;ENSINO FUNDAMENTAL INCOMPLETO;SOLTEIRO(A);ELEITO
PT;COMERCIANTE;MASCULINO;ENSINO MEDIO COMPLETO;CASADO(A);ELEITO
PSD;AGRICULTOR;MASCULINO;ENSINO MEDIO COMPLETO;SOLTEIRO(A);ELEITO
PC do B;ADVOGADO;MASCULINO;SUPERIOR COMPLETO;SOLTEIRO(A);NAO ELEITO
PP;FISIOTERAPEUTA E TERAPEUTA OCUPACIONAL;FEMININO;SUPERIOR COMPLETO;CASADO(A);NAO ELEITO
PDT;ASSISTENTE SOCIAL;FEMININO;SUPERIOR COMPLETO;SOLTEIRO(A);NAO ELEITO
PDT;PECUARISTA;MASCULINO;ENSINO FUNDAMENTAL INCOMPLETO;CASADO(A);ELEITO
PT;AGRONOMO;FEMININO;SUPERIOR COMPLETO;SOLTEIRO(A);ELEITO
PSD;PREFEITO;MASCULINO;ENSINO MEDIO INCOMPLETO;SOLTEIRO(A);ELEITO
PSL;COMERCIANTE;MASCULINO;ENSINO FUNDAMENTAL INCOMPLETO;CASADO(A);NAO ELEITO
PT;EMPRESARIO;MASCULINO;ENSINO MEDIO COMPLETO;CASADO(A);NAO ELEITO
PV;MEDICO;MASCULINO;SUPERIOR COMPLETO;CASADO(A);NAO ELEITO
PMDB;SERVIDOR PUBLICO ESTADUAL;MASCULINO;ENSINO MEDIO COMPLETO;CASADO(A);ELEITO
PDT;PREFEITO;MASCULINO;SUPERIOR INCOMPLETO;CASADO(A);NAO ELEITO
PV;MEDICO;MASCULINO;SUPERIOR COMPLETO;CASADO(A);NAO ELEITO
PP;AGRICULTOR;MASCULINO;ENSINO FUNDAMENTAL COMPLETO;CASADO(A);NAO ELEITO
PP;EMPRESARIO;MASCULINO;SUPERIOR COMPLETO;CASADO(A);NAO ELEITO
PMDB;CONTADOR;MASCULINO;SUPERIOR COMPLETO;CASADO(A);NAO ELEITO
PT;COMERCIANTE;MASCULINO;ENSINO FUNDAMENTAL INCOMPLETO;CASADO(A);NAO ELEITO
PMDB;EMPRESARIO;MASCULINO;ENSINO MEDIO COMPLETO;DIVORCIADO(A);ELEITO
PMDB;COMERCIANTE;MASCULINO;ENSINO FUNDAMENTAL INCOMPLETO;CASADO(A);ELEITO
PMDB;PECUARISTA;MASCULINO;LE E ESCREVE;CASADO(A);ELEITO
PMDB;COMERCIANTE;MASCULINO;ENSINO MEDIO INCOMPLETO;SOLTEIRO(A);NAO ELEITO
PMDB;SERVIDOR PUBLICO CIVIL APOSENTADO;MASCULINO;SUPERIOR COMPLETO;CASADO(A);ELEITO
PMDB;ADVOGADO;MASCULINO;SUPERIOR COMPLETO;SOLTEIRO(A);NAO ELEITO
PRP;MILITAR REFORMADO;MASCULINO;ENSINO MEDIO COMPLETO;CASADO(A);NAO ELEITO
PT do B;ECONOMISTA;MASCULINO;SUPERIOR COMPLETO;SOLTEIRO(A);NAO ELEITO
PTB;AGRICULTOR;MASCULINO;ENSINO FUNDAMENTAL INCOMPLETO;CASADO(A);NAO ELEITO
PDT;AGRICULTOR;MASCULINO;ENSINO MEDIO COMPLETO;CASADO(A);NAO ELEITO
PT;PROFESSOR DE ENSINO FUNDAMENTAL;FEMININO;SUPERIOR COMPLETO;DIVORCIADO(A);NAO ELEITO
PSDB;PROFESSOR DE ENSINO FUNDAMENTAL;MASCULINO;ENSINO MEDIO COMPLETO;CASADO(A);NAO ELEITO
PP;APOSENTADO (EXCETO SERVIDOR PUBLICO);MASCULINO;SUPERIOR COMPLETO;SOLTEIRO(A);ELEITO
PSDC;PROFESSOR DE ENSINO FUNDAMENTAL;MASCULINO;SUPERIOR COMPLETO;SOLTEIRO(A);NAO ELEITO
PSC;MEDICO;MASCULINO;SUPERIOR COMPLETO;DIVORCIADO(A);ELEITO
PRB;POLICIAL MILITAR;MASCULINO;ENSINO MEDIO COMPLETO;CASADO(A);NAO ELEITO
PT;BANCARIO E ECONOMIARIO;MASCULINO;SUPERIOR COMPLETO;CASADO(A);ELEITO
PMDB;PREFEITO;MASCULINO;ENSINO FUNDAMENTAL COMPLETO;VIUVO(A);ELEITO
PSD;BIOLOGO;MASCULINO;SUPERIOR COMPLETO;SOLTEIRO(A);ELEITO
PDT;AGENTE DE SAUDE E SANITARISTA;MASCULINO;ENSINO MEDIO COMPLETO;CASADO(A);ELEITO
PT;OUTROS;MASCULINO;ENSINO MEDIO COMPLETO;CASADO(A);NAO ELEITO
PMDB;PREFEITO;MASCULINO;SUPERIOR COMPLETO;CASADO(A);ELEITO
PMDB;JORNALISTA E REDATOR;MASCULINO;SUPERIOR INCOMPLETO;DIVORCIADO(A);NAO ELEITO
PSOL;SERVIDOR PUBLICO ESTADUAL;MASCULINO;SUPERIOR COMPLETO;SEPARADO(A) JUDICIALMENTE;NAO ELEITO
PSB;CONTADOR;MASCULINO;SUPERIOR INCOMPLETO;CASADO(A);ELEITO
PHS;SERVIDOR PUBLICO MUNICIPAL;MASCULINO;SUPERIOR INCOMPLETO;SOLTEIRO(A);NAO ELEITO
PPS;ESTUDANTE;MASCULINO; ESTAGIARIO E ASSEMELHADOS;SOLTEIRO(A);NAO ELEITO
PSD;EMPRESARIO;FEMININO;SUPERIOR COMPLETO;SOLTEIRO(A);ELEITO
PSD;COMERCIANTE;MASCULINO;ENSINO FUNDAMENTAL COMPLETO;SOLTEIRO(A);NAO ELEITO
PCB;INDUSTRIAL;MASCULINO;ENSINO MEDIO COMPLETO;SOLTEIRO(A);NAO ELEITO
PR;EMPRESARIO;MASCULINO;ENSINO MEDIO COMPLETO;CASADO(A);NAO ELEITO
PSD;AGRICULTOR;MASCULINO;ENSINO MEDIO COMPLETO;SOLTEIRO(A);ELEITO
PSD;PREFEITO;MASCULINO;SUPERIOR INCOMPLETO;CASADO(A);ELEITO
PDT;EMPRESARIO;MASCULINO;LE E ESCREVE;CASADO(A);NAO ELEITO
PT;CONTADOR;MASCULINO;SUPERIOR COMPLETO;CASADO(A);ELEITO
PSD;PREFEITO;FEMININO;SUPERIOR COMPLETO;DIVORCIADO(A);ELEITO
PT;PROFESSOR DE ENSINO MEDIO;MASCULINO;SUPERIOR COMPLETO;CASADO(A);NAO ELEITO
PMDB;OUTROS;MASCULINO;ENSINO MEDIO COMPLETO;CASADO(A);NAO ELEITO
PRB;PROFESSOR DE ENSINO MEDIO;MASCULINO;SUPERIOR COMPLETO;CASADO(A);NAO ELEITO
PSOL;SERVIDOR PUBLICO MUNICIPAL;MASCULINO;ENSINO MEDIO COMPLETO;SOLTEIRO(A);NAO ELEITO
PC do B;EMPRESARIO;MASCULINO;ENSINO MEDIO INCOMPLETO;CASADO(A);ELEITO
PSB;OUTROS;FEMININO;SUPERIOR COMPLETO;DIVORCIADO(A);ELEITO
PSD;POLICIAL MILITAR;MASCULINO;ENSINO MEDIO COMPLETO;CASADO(A);NAO ELEITO
PSD;SERVIDOR PUBLICO ESTADUAL;MASCULINO;SUPERIOR COMPLETO;SEPARADO(A) JUDICIALMENTE;ELEITO
PR;EMPRESARIO;MASCULINO;ENSINO MEDIO COMPLETO;CASADO(A);ELEITO
PT;SERVIDOR PUBLICO MUNICIPAL;MASCULINO;SUPERIOR COMPLETO;CASADO(A);ELEITO
PDT;SERVIDOR PUBLICO ESTADUAL;MASCULINO;ENSINO MEDIO COMPLETO;CASADO(A);ELEITO
PSB;PREFEITO;MASCULINO;ENSINO MEDIO COMPLETO;DIVORCIADO(A);NAO ELEITO
PV;COMERCIANTE;MASCULINO;ENSINO FUNDAMENTAL INCOMPLETO;SOLTEIRO(A);NAO ELEITO
PT;GERENTE;MASCULINO;SUPERIOR INCOMPLETO;DIVORCIADO(A);NAO ELEITO
PT;OUTROS;MASCULINO;ENSINO MEDIO COMPLETO;CASADO(A);ELEITO
PP;ADMINISTRADOR;FEMININO;SUPERIOR COMPLETO;CASADO(A);NAO ELEITO
PT;ADVOGADO;MASCULINO;SUPERIOR COMPLETO;SOLTEIRO(A);ELEITO
PT;PRODUTOR AGROPECUARIO;MASCULINO;ENSINO MEDIO COMPLETO;DIVORCIADO(A);NAO ELEITO
PP;ENGENHEIRO;MASCULINO;SUPERIOR COMPLETO;CASADO(A);ELEITO
PSD;SERVIDOR PUBLICO MUNICIPAL;MASCULINO;SUPERIOR COMPLETO;SOLTEIRO(A);ELEITO
PC do B;MEDICO;FEMININO;SUPERIOR COMPLETO;CASADO(A);NAO ELEITO
PSD;COMERCIARIO;FEMININO;SUPERIOR INCOMPLETO;SOLTEIRO(A);NAO ELEITO
PT;PREFEITO;MASCULINO;SUPERIOR COMPLETO;CASADO(A);ELEITO
PRB;ADMINISTRADOR;MASCULINO;ENSINO FUNDAMENTAL COMPLETO;SOLTEIRO(A);NAO ELEITO
PSD;ADMINISTRADOR;MASCULINO;SUPERIOR COMPLETO;CASADO(A);ELEITO
PSOL;PEDAGOGO;MASCULINO;SUPERIOR COMPLETO;SOLTEIRO(A);NAO ELEITO
PDT;ADVOGADO;MASCULINO;SUPERIOR COMPLETO;CASADO(A);ELEITO
PMDB;MEDICO;MASCULINO;SUPERIOR COMPLETO;CASADO(A);ELEITO
PR;VEREADOR;MASCULINO;ENSINO FUNDAMENTAL INCOMPLETO;SOLTEIRO(A);ELEITO
PT;ADMINISTRADOR;MASCULINO;ENSINO MEDIO COMPLETO;SOLTEIRO(A);NAO ELEITO
PSB;ADMINISTRADOR;MASCULINO;SUPERIOR INCOMPLETO;CASADO(A);NAO ELEITO
PTB;ODONTOLOGO;MASCULINO;SUPERIOR COMPLETO;CASADO(A);NAO ELEITO
PRP;COMERCIANTE;MASCULINO;ENSINO MEDIO COMPLETO;SEPARADO(A) JUDICIALMENTE;NAO ELEITO
PSB;PROFESSOR DE ENSINO FUNDAMENTAL;MASCULINO;SUPERIOR COMPLETO;CASADO(A);ELEITO
PP;AGRONOMO;MASCULINO;SUPERIOR COMPLETO;CASADO(A);NAO ELEITO
PT;BANCARIO E ECONOMIARIO;MASCULINO;ENSINO MEDIO COMPLETO;CASADO(A);ELEITO
PMDB;AGRICULTOR;MASCULINO;ENSINO MEDIO COMPLETO;CASADO(A);ELEITO
PR;ADVOGADO;MASCULINO;SUPERIOR COMPLETO;DIVORCIADO(A);ELEITO
PMDB;MEDICO;MASCULINO;SUPERIOR COMPLETO;CASADO(A);NAO ELEITO
PT;PECUARISTA;MASCULINO;ENSINO MEDIO COMPLETO;SOLTEIRO(A);NAO ELEITO
PSOL;SERVIDOR PUBLICO MUNICIPAL;MASCULINO;ENSINO MEDIO INCOMPLETO;CASADO(A);NAO ELEITO
PSOL;SERVIDOR PUBLICO MUNICIPAL;MASCULINO;SUPERIOR COMPLETO;SOLTEIRO(A);NAO ELEITO
PMDB;JORNALISTA E REDATOR;MASCULINO;SUPERIOR COMPLETO;CASADO(A);ELEITO
PT;EMPRESARIO;MASCULINO;SUPERIOR COMPLETO;CASADO(A);NAO ELEITO
PT;PREFEITO;MASCULINO;ENSINO FUNDAMENTAL INCOMPLETO;CASADO(A);ELEITO
DEM;COMERCIARIO;MASCULINO;ENSINO MEDIO COMPLETO;SOLTEIRO(A);NAO ELEITO
PTB;COMERCIANTE;MASCULINO;SUPERIOR COMPLETO;SOLTEIRO(A);ELEITO
PDT;POLICIAL CIVIL;MASCULINO;SUPERIOR COMPLETO;SOLTEIRO(A);NAO ELEITO
DEM;EMPRESARIO;MASCULINO;ENSINO MEDIO COMPLETO;CASADO(A);ELEITO
DEM;OUTROS;MASCULINO;ENSINO FUNDAMENTAL INCOMPLETO;CASADO(A);ELEITO
PR;EMPRESARIO;MASCULINO;ENSINO MEDIO COMPLETO;CASADO(A);ELEITO
PT;EMPRESARIO;MASCULINO;ENSINO MEDIO COMPLETO;CASADO(A);ELEITO
PP;PREFEITO;MASCULINO;SUPERIOR COMPLETO;CASADO(A);ELEITO
PDT;ENGENHEIRO;MASCULINO;SUPERIOR COMPLETO;CASADO(A);ELEITO
PMDB;COMERCIANTE;MASCULINO;ENSINO MEDIO COMPLETO;CASADO(A);NAO ELEITO
PR;MEDICO;MASCULINO;SUPERIOR COMPLETO;CASADO(A);NAO ELEITO
PMDB;PREFEITO;MASCULINO;ENSINO MEDIO INCOMPLETO;CASADO(A);ELEITO
PDT;ADMINISTRADOR;MASCULINO;SUPERIOR COMPLETO;DIVORCIADO(A);NAO ELEITO
PT;MEDICO;FEMININO;SUPERIOR COMPLETO;SOLTEIRO(A);NAO ELEITO
PT;MEDICO;MASCULINO;SUPERIOR COMPLETO;CASADO(A);ELEITO
PSC;EMPRESARIO;MASCULINO;ENSINO FUNDAMENTAL INCOMPLETO;CASADO(A);ELEITO
PT;SERVIDOR PUBLICO MUNICIPAL;FEMININO;SUPERIOR COMPLETO;SOLTEIRO(A);NAO ELEITO
PMDB;MEDICO;FEMININO;SUPERIOR COMPLETO;CASADO(A);ELEITO
PMDB;DONA DE CASA;FEMININO;ENSINO MEDIO INCOMPLETO;CASADO(A);ELEITO
PP;EMPRESARIO;FEMININO;SUPERIOR INCOMPLETO;CASADO(A);NAO ELEITO
PR;ADVOGADO;FEMININO;SUPERIOR COMPLETO;CASADO(A);ELEITO
PC do B;PREFEITO;MASCULINO;SUPERIOR COMPLETO;CASADO(A);ELEITO
PT;ADMINISTRADOR;MASCULINO;SUPERIOR COMPLETO;CASADO(A);ELEITO
PP;MEDICO;MASCULINO;SUPERIOR COMPLETO;CASADO(A);ELEITO
PSD;MEDICO;MASCULINO;SUPERIOR COMPLETO;CASADO(A);ELEITO
PT;SECRETARIO E DATILOGRAFO;MASCULINO;ENSINO MEDIO COMPLETO;SOLTEIRO(A);ELEITO
PSD;PECUARISTA;MASCULINO;SUPERIOR COMPLETO;CASADO(A);ELEITO
PSB;EMPRESARIO;MASCULINO;SUPERIOR INCOMPLETO;CASADO(A);ELEITO
PDT;EMPRESARIO;MASCULINO;ENSINO MEDIO COMPLETO;CASADO(A);NAO ELEITO
PC do B;EMPRESARIO;MASCULINO;ENSINO MEDIO COMPLETO;CASADO(A);ELEITO
PT;TECNICO CONTABILIDADE;MASCULINO;ENSINO MEDIO COMPLETO;SOLTEIRO(A);ELEITO
PSD;COMERCIANTE;MASCULINO;ENSINO MEDIO COMPLETO;CASADO(A);ELEITO
PDT;ADVOGADO;MASCULINO;SUPERIOR COMPLETO;CASADO(A);ELEITO
PP;APOSENTADO (EXCETO SERVIDOR PUBLICO);MASCULINO;SUPERIOR COMPLETO;CASADO(A);ELEITO
PP;SERVIDOR PUBLICO MUNICIPAL;MASCULINO;ENSINO MEDIO COMPLETO;SOLTEIRO(A);ELEITO
PP;PECUARISTA;MASCULINO;ENSINO MEDIO COMPLETO;CASADO(A);NAO ELEITO
PP;ADMINISTRADOR;MASCULINO;ENSINO MEDIO COMPLETO;CASADO(A);ELEITO
PR;AGRICULTOR;MASCULINO;ENSINO MEDIO COMPLETO;SOLTEIRO(A);NAO ELEITO
PDT;EMPRESARIO;MASCULINO;SUPERIOR INCOMPLETO;SOLTEIRO(A);ELEITO
PT;PROFESSOR DE ENSINO MEDIO;MASCULINO;SUPERIOR COMPLETO;CASADO(A);NAO ELEITO
PSD;SERVIDOR PUBLICO MUNICIPAL;MASCULINO;ENSINO MEDIO COMPLETO;CASADO(A);NAO ELEITO
PV;SERVIDOR PUBLICO MUNICIPAL;MASCULINO;ENSINO MEDIO COMPLETO;CASADO(A);NAO ELEITO
PTB;AGRICULTOR;MASCULINO;SUPERIOR COMPLETO;CASADO(A);NAO ELEITO
PSD;COMERCIANTE;MASCULINO;SUPERIOR COMPLETO;CASADO(A);NAO ELEITO
PSC;PECUARISTA;MASCULINO;ENSINO FUNDAMENTAL INCOMPLETO;CASADO(A);NAO ELEITO
PDT;ADVOGADO;MASCULINO;SUPERIOR COMPLETO;SOLTEIRO(A);NAO ELEITO
PSOL;ESTUDANTE;MASCULINO; ESTAGIARIO E ASSEMELHADOS;SOLTEIRO(A);NAO ELEITO
PDT;EMPRESARIO;MASCULINO;ENSINO MEDIO COMPLETO;CASADO(A);NAO ELEITO
PRP;AGRICULTOR;MASCULINO;ENSINO MEDIO INCOMPLETO;SOLTEIRO(A);NAO ELEITO
PSL;VEREADOR;FEMININO;ENSINO MEDIO COMPLETO;CASADO(A);NAO ELEITO
PC do B;AGRICULTOR;MASCULINO;ENSINO MEDIO COMPLETO;SOLTEIRO(A);NAO ELEITO
PSB;COMERCIANTE;MASCULINO;ENSINO MEDIO COMPLETO;CASADO(A);NAO ELEITO
PRP;EMPRESARIO;MASCULINO;ENSINO MEDIO COMPLETO;CASADO(A);NAO ELEITO
PRP;AGRICULTOR;MASCULINO;ENSINO MEDIO COMPLETO;CASADO(A);NAO ELEITO
PMDB;EMPRESARIO;MASCULINO;SUPERIOR INCOMPLETO;SOLTEIRO(A);ELEITO
PT;TECNICO DE ENFERMAGEM E ASSEMELHADOS (EXCETO ENFERMEIRO);FEMININO;SUPERIOR INCOMPLETO;CASADO(A);ELEITO
PSB;MEDICO;MASCULINO;SUPERIOR COMPLETO;CASADO(A);ELEITO
PP;AGRICULTOR;MASCULINO;ENSINO MEDIO COMPLETO;CASADO(A);NAO ELEITO
PSD;COMERCIANTE;MASCULINO;ENSINO FUNDAMENTAL COMPLETO;CASADO(A);NAO ELEITO
PSOL;PROFESSOR E INSTRUTOR DE FORMACAO PROFISSIONAL;MASCULINO;SUPERIOR COMPLETO;SOLTEIRO(A);NAO ELEITO
PT;ADMINISTRADOR;FEMININO;SUPERIOR COMPLETO;CASADO(A);NAO ELEITO
PC do B;PREFEITO;MASCULINO;ENSINO FUNDAMENTAL COMPLETO;CASADO(A);NAO ELEITO
PRB;OUTROS;MASCULINO;ENSINO FUNDAMENTAL INCOMPLETO;CASADO(A);NAO ELEITO
PRB;EMPRESARIO;MASCULINO;ENSINO MEDIO COMPLETO;SOLTEIRO(A);NAO ELEITO
PDT;COMERCIANTE;MASCULINO;ENSINO MEDIO COMPLETO;SOLTEIRO(A);ELEITO
PT;SERVIDOR PUBLICO ESTADUAL;MASCULINO;ENSINO MEDIO COMPLETO;CASADO(A);ELEITO
PSB;PREFEITO;MASCULINO;SUPERIOR COMPLETO;CASADO(A);ELEITO
PPS;FISCAL;MASCULINO;SUPERIOR COMPLETO;CASADO(A);NAO ELEITO
PT;MEDICO;MASCULINO;SUPERIOR COMPLETO;CASADO(A);ELEITO
PR;MEDICO;MASCULINO;SUPERIOR COMPLETO;CASADO(A);NAO ELEITO
PP;AGRICULTOR;MASCULINO;ENSINO MEDIO COMPLETO;CASADO(A);ELEITO
PDT;ENGENHEIRO;MASCULINO;SUPERIOR COMPLETO;VIUVO(A);NAO ELEITO
PMDB;SERVIDOR PUBLICO FEDERAL;MASCULINO;ENSINO MEDIO COMPLETO;CASADO(A);ELEITO
PR;AGRICULTOR;MASCULINO;ENSINO FUNDAMENTAL INCOMPLETO;CASADO(A);NAO ELEITO
PT do B;SERVIDOR PUBLICO FEDERAL;MASCULINO;SUPERIOR COMPLETO;CASADO(A);ELEITO
PMDB;SERVIDOR PUBLICO FEDERAL;MASCULINO;SUPERIOR COMPLETO;SOLTEIRO(A);NAO ELEITO
PMDB;PECUARISTA;MASCULINO;ENSINO FUNDAMENTAL INCOMPLETO;CASADO(A);ELEITO
PT;OUTROS;MASCULINO;ENSINO FUNDAMENTAL COMPLETO;SOLTEIRO(A);ELEITO
PSB;OUTROS;MASCULINO;SUPERIOR COMPLETO;CASADO(A);ELEITO
PT;PROFESSOR DE ENSINO FUNDAMENTAL;FEMININO;SUPERIOR COMPLETO;CASADO(A);NAO ELEITO
PTB;ECONOMISTA;MASCULINO;SUPERIOR COMPLETO;CASADO(A);ELEITO
PT;PREFEITO;MASCULINO;ENSINO MEDIO COMPLETO;DIVORCIADO(A);ELEITO
PP;EMPRESARIO;MASCULINO;ENSINO MEDIO COMPLETO;CASADO(A);ELEITO
PSDB;OUTROS;MASCULINO;ENSINO MEDIO COMPLETO;CASADO(A);NAO ELEITO
PSOL;SERVIDOR PUBLICO FEDERAL;MASCULINO;SUPERIOR COMPLETO;CASADO(A);NAO ELEITO
PT;PREFEITO;MASCULINO;ENSINO MEDIO COMPLETO;CASADO(A);ELEITO
PMDB;PECUARISTA;MASCULINO;ENSINO MEDIO COMPLETO;SOLTEIRO(A);NAO ELEITO
PSOL;ADMINISTRADOR;MASCULINO;SUPERIOR INCOMPLETO;CASADO(A);NAO ELEITO
PC do B;CONTADOR;MASCULINO;SUPERIOR COMPLETO;CASADO(A);NAO ELEITO
PSD;MEDICO;MASCULINO;SUPERIOR COMPLETO;CASADO(A);NAO ELEITO
PP;PREFEITO;MASCULINO;SUPERIOR COMPLETO;DIVORCIADO(A);NAO ELEITO
PSC;EMPRESARIO;MASCULINO;SUPERIOR COMPLETO;CASADO(A);NAO ELEITO
PPS;OUTROS;MASCULINO;ENSINO FUNDAMENTAL INCOMPLETO;SOLTEIRO(A);NAO ELEITO
PMDB;PREFEITO;MASCULINO;ENSINO MEDIO COMPLETO;CASADO(A);NAO ELEITO
PRB;SERVIDOR PUBLICO FEDERAL;MASCULINO;ENSINO MEDIO COMPLETO;CASADO(A);NAO ELEITO
PR;PREFEITO;MASCULINO;ENSINO MEDIO COMPLETO;CASADO(A);ELEITO
PRB;COMERCIANTE;MASCULINO;ENSINO FUNDAMENTAL INCOMPLETO;SOLTEIRO(A);NAO ELEITO
PR;APOSENTADO (EXCETO SERVIDOR PUBLICO);MASCULINO;ENSINO MEDIO COMPLETO;CASADO(A);NAO ELEITO
PDT;EMPRESARIO;MASCULINO;ENSINO MEDIO COMPLETO;DIVORCIADO(A);ELEITO
PP;MEDICO;MASCULINO;SUPERIOR COMPLETO;CASADO(A);NAO ELEITO
PT;SERVENTUARIO DE JUSTICA;MASCULINO;SUPERIOR COMPLETO;CASADO(A);ELEITO
PC do B;COMERCIANTE;MASCULINO;ENSINO MEDIO COMPLETO;CASADO(A);NAO ELEITO
PSC;ADVOGADO;MASCULINO;SUPERIOR COMPLETO;CASADO(A);NAO ELEITO
PRP;ADMINISTRADOR;MASCULINO;SUPERIOR COMPLETO;CASADO(A);NAO ELEITO
PDT;PECUARISTA;MASCULINO;ENSINO MEDIO INCOMPLETO;CASADO(A);ELEITO
PSOL;COMERCIANTE;MASCULINO;ENSINO MEDIO INCOMPLETO;DIVORCIADO(A);NAO ELEITO
PT;MEDICO;MASCULINO;SUPERIOR COMPLETO;SOLTEIRO(A);NAO ELEITO
PSDB;PRODUTOR AGROPECUARIO;MASCULINO;ENSINO MEDIO COMPLETO;SOLTEIRO(A);NAO ELEITO
PP;PESCADOR;MASCULINO;ENSINO MEDIO COMPLETO;CASADO(A);NAO ELEITO
PT;PREFEITO;MASCULINO;ENSINO MEDIO COMPLETO;CASADO(A);NAO ELEITO
PMDB;PREFEITO;MASCULINO;ENSINO MEDIO COMPLETO;CASADO(A);NAO ELEITO
PP;PREFEITO;MASCULINO;SUPERIOR COMPLETO;CASADO(A);NAO ELEITO
PT;ADVOGADO;MASCULINO;SUPERIOR COMPLETO;CASADO(A);NAO ELEITO
DEM;SERVIDOR PUBLICO FEDERAL;MASCULINO;SUPERIOR COMPLETO;CASADO(A);NAO ELEITO
PMDB;PREFEITO;MASCULINO;SUPERIOR COMPLETO;CASADO(A);NAO ELEITO
PSD;COMERCIANTE;MASCULINO;ENSINO FUNDAMENTAL INCOMPLETO;SOLTEIRO(A);ELEITO
PSD;PREFEITO;MASCULINO;SUPERIOR COMPLETO;CASADO(A);ELEITO
PT;EMPRESARIO;MASCULINO;ENSINO MEDIO COMPLETO;CASADO(A);NAO ELEITO
PPS;COMERCIANTE;MASCULINO;ENSINO FUNDAMENTAL COMPLETO;CASADO(A);NAO ELEITO
PT;SERVIDOR PUBLICO MUNICIPAL;MASCULINO;ENSINO MEDIO COMPLETO;CASADO(A);NAO ELEITO
PT;ADMINISTRADOR;MASCULINO;SUPERIOR COMPLETO;SOLTEIRO(A);NAO ELEITO
PSC;EMPRESARIO;MASCULINO;ENSINO MEDIO COMPLETO;CASADO(A);NAO ELEITO
PDT;SERVIDOR PUBLICO MUNICIPAL;MASCULINO;SUPERIOR COMPLETO;DIVORCIADO(A);NAO ELEITO
PC do B;COMERCIANTE;MASCULINO;ENSINO MEDIO INCOMPLETO;CASADO(A);NAO ELEITO
PSB;SERVIDOR PUBLICO CIVIL APOSENTADO;MASCULINO;ENSINO MEDIO COMPLETO;CASADO(A);ELEITO
PMDB;COMERCIANTE;MASCULINO;LE E ESCREVE;SOLTEIRO(A);ELEITO
PDT;PREFEITO;MASCULINO;ENSINO MEDIO COMPLETO;SOLTEIRO(A);ELEITO
PTB;MEDICO;MASCULINO;SUPERIOR COMPLETO;DIVORCIADO(A);NAO ELEITO
PMDB;MEDICO;MASCULINO;SUPERIOR COMPLETO;CASADO(A);ELEITO
DEM;PREFEITO;MASCULINO;SUPERIOR COMPLETO;CASADO(A);NAO ELEITO
PTN;EMPRESARIO;MASCULINO;ENSINO MEDIO COMPLETO;SOLTEIRO(A);NAO ELEITO
PTB;MOTORISTA DE VEICULOS DE TRANSPORTE COLETIVO DE PASSAGEIROS;MASCULINO;ENSINO MEDIO INCOMPLETO;SOLTEIRO(A);NAO ELEITO
PMDB;ADVOGADO;MASCULINO;SUPERIOR COMPLETO;CASADO(A);NAO ELEITO
PDT;AGRICULTOR;MASCULINO;ENSINO MEDIO COMPLETO;DIVORCIADO(A);NAO ELEITO
PSD;AGRICULTOR;MASCULINO;ENSINO MEDIO COMPLETO;CASADO(A);ELEITO
PT;AGRICULTOR;MASCULINO;ENSINO MEDIO COMPLETO;CASADO(A);NAO ELEITO
PSL;CONTADOR;MASCULINO;SUPERIOR INCOMPLETO;CASADO(A);NAO ELEITO
DEM;ENGENHEIRO;MASCULINO;SUPERIOR COMPLETO;CASADO(A);ELEITO
PSD;COMERCIANTE;MASCULINO;ENSINO MEDIO COMPLETO;SOLTEIRO(A);NAO ELEITO
PP;AGRICULTOR;MASCULINO;LE E ESCREVE;CASADO(A);ELEITO
PSD;COMERCIANTE;MASCULINO;SUPERIOR COMPLETO;SOLTEIRO(A);ELEITO
PSOL;ADVOGADO;MASCULINO;SUPERIOR COMPLETO;SOLTEIRO(A);NAO ELEITO
PRB;EMPRESARIO;MASCULINO;ENSINO MEDIO COMPLETO;CASADO(A);NAO ELEITO
PSDB;PREFEITO;MASCULINO;ENSINO MEDIO COMPLETO;CASADO(A);ELEITO
PSC;OUTROS;MASCULINO;SUPERIOR COMPLETO;CASADO(A);NAO ELEITO
PSOL;EMPRESARIO;MASCULINO;ENSINO FUNDAMENTAL INCOMPLETO;SOLTEIRO(A);NAO ELEITO
PSTU;TRABALHADOR METALURGICO E SIDERURGICO;MASCULINO;ENSINO MEDIO COMPLETO;CASADO(A);NAO ELEITO
PT;PREFEITO;FEMININO;SUPERIOR COMPLETO;CASADO(A);ELEITO
PT;DEPUTADO;MASCULINO;SUPERIOR COMPLETO;SOLTEIRO(A);NAO ELEITO
PTC;AGRICULTOR;MASCULINO;SUPERIOR INCOMPLETO;SOLTEIRO(A);NAO ELEITO
PT;QUIMICO;MASCULINO;SUPERIOR INCOMPLETO;DIVORCIADO(A);NAO ELEITO
PT do B;EMPRESARIO;MASCULINO;ENSINO MEDIO COMPLETO;SOLTEIRO(A);NAO ELEITO
PTB;BANCARIO E ECONOMIARIO;MASCULINO;ENSINO MEDIO COMPLETO;CASADO(A);ELEITO
PSD;PREFEITO;MASCULINO;SUPERIOR COMPLETO;SOLTEIRO(A);NAO ELEITO
PRB;COMERCIANTE;MASCULINO;ENSINO MEDIO COMPLETO;CASADO(A);NAO ELEITO
PT;PROFESSOR DE ENSINO FUNDAMENTAL;FEMININO;SUPERIOR COMPLETO;CASADO(A);NAO ELEITO
PSD;MEDICO;MASCULINO;SUPERIOR COMPLETO;CASADO(A);NAO ELEITO
PT;PREFEITO;MASCULINO;SUPERIOR COMPLETO;CASADO(A);NAO ELEITO
PC do B;COMERCIANTE;MASCULINO;ENSINO MEDIO COMPLETO;CASADO(A);ELEITO
PDT;PRODUTOR AGROPECUARIO;MASCULINO;ENSINO MEDIO COMPLETO;CASADO(A);ELEITO
PDT;MEDICO;MASCULINO;SUPERIOR COMPLETO;DIVORCIADO(A);ELEITO
PMDB;AGRICULTOR;MASCULINO;SUPERIOR COMPLETO;CASADO(A);ELEITO
PTB;ADVOGADO;MASCULINO;SUPERIOR COMPLETO;SOLTEIRO(A);NAO ELEITO
PP;EMPRESARIO;MASCULINO;ENSINO FUNDAMENTAL INCOMPLETO;CASADO(A);NAO ELEITO
PDT;EMPRESARIO;MASCULINO;ENSINO FUNDAMENTAL COMPLETO;CASADO(A);NAO ELEITO
PSB;ENGENHEIRO;MASCULINO;SUPERIOR COMPLETO;CASADO(A);ELEITO
PT;PREFEITO;MASCULINO;ENSINO MEDIO COMPLETO;CASADO(A);ELEITO
PC do B;EMPRESARIO;MASCULINO;ENSINO FUNDAMENTAL INCOMPLETO;CASADO(A);NAO ELEITO
PSOL;ADVOGADO;MASCULINO;SUPERIOR COMPLETO;SOLTEIRO(A);NAO ELEITO
PC do B;PREFEITO;MASCULINO;SUPERIOR COMPLETO;CASADO(A);NAO ELEITO
PT;ADVOGADO;MASCULINO;SUPERIOR COMPLETO;CASADO(A);NAO ELEITO
PT;PECUARISTA;MASCULINO;SUPERIOR INCOMPLETO;CASADO(A);ELEITO
PSOL;COMERCIANTE;MASCULINO;ENSINO MEDIO COMPLETO;DIVORCIADO(A);NAO ELEITO
PC do B;AGRICULTOR;MASCULINO;ENSINO MEDIO COMPLETO;SOLTEIRO(A);ELEITO
PMDB;COMERCIANTE;MASCULINO;ENSINO MEDIO COMPLETO;CASADO(A);ELEITO
DEM;COMERCIANTE;MASCULINO;ENSINO FUNDAMENTAL COMPLETO;SOLTEIRO(A);NAO ELEITO
PP;VEREADOR;MASCULINO;ENSINO FUNDAMENTAL INCOMPLETO;CASADO(A);NAO ELEITO
PT;BANCARIO E ECONOMIARIO;MASCULINO;SUPERIOR COMPLETO;CASADO(A);ELEITO
PSB;ADMINISTRADOR;MASCULINO;SUPERIOR INCOMPLETO;CASADO(A);NAO ELEITO
PSB;VEREADOR;MASCULINO;SUPERIOR COMPLETO;CASADO(A);NAO ELEITO
PT;PRODUTOR AGROPECUARIO;MASCULINO;ENSINO MEDIO INCOMPLETO;SOLTEIRO(A);NAO ELEITO
PDT;PREFEITO;MASCULINO;ENSINO MEDIO COMPLETO;CASADO(A);ELEITO
PSB;PREFEITO;MASCULINO;SUPERIOR INCOMPLETO;CASADO(A);ELEITO
PTC;PROFESSOR DE ENSINO MEDIO;MASCULINO;SUPERIOR COMPLETO;CASADO(A);ELEITO
PRP;AGRONOMO;MASCULINO;SUPERIOR COMPLETO;CASADO(A);NAO ELEITO
PSD;PROFESSOR DE ENSINO MEDIO;MASCULINO;SUPERIOR COMPLETO;SOLTEIRO(A);ELEITO
PT;EMPRESARIO;MASCULINO;ENSINO MEDIO COMPLETO;CASADO(A);ELEITO
PDT;APOSENTADO (EXCETO SERVIDOR PUBLICO);MASCULINO;ENSINO MEDIO COMPLETO;CASADO(A);NAO ELEITO
PT;SERVIDOR PUBLICO MUNICIPAL;MASCULINO;ENSINO MEDIO COMPLETO;CASADO(A);ELEITO
PSD;EMPRESARIO;MASCULINO;ENSINO MEDIO COMPLETO;CASADO(A);NAO ELEITO
PSDB;ENGENHEIRO;MASCULINO;SUPERIOR COMPLETO;DIVORCIADO(A);NAO ELEITO
PSTU;PROFESSOR DE ENSINO MEDIO;MASCULINO;SUPERIOR COMPLETO;SOLTEIRO(A);NAO ELEITO
PSDB;VEREADOR;MASCULINO;ENSINO MEDIO COMPLETO;SOLTEIRO(A);ELEITO
PT;COMERCIANTE;MASCULINO;ENSINO MEDIO COMPLETO;CASADO(A);ELEITO
DEM;ADMINISTRADOR;MASCULINO;SUPERIOR COMPLETO;CASADO(A);ELEITO
PSD;BANCARIO E ECONOMIARIO;MASCULINO;ENSINO MEDIO COMPLETO;CASADO(A);NAO ELEITO
PV;MOTORISTA DE VEICULOS DE TRANSPORTE COLETIVO DE PASSAGEIROS;MASCULINO;ENSINO MEDIO COMPLETO;CASADO(A);NAO ELEITO
PSC;OUTROS;MASCULINO;SUPERIOR COMPLETO;CASADO(A);NAO ELEITO
PR;AGRICULTOR;MASCULINO;ENSINO MEDIO COMPLETO;CASADO(A);NAO ELEITO
PP;EMPRESARIO;MASCULINO;ENSINO MEDIO COMPLETO;CASADO(A);NAO ELEITO
PR;PROFESSOR DE ENSINO MEDIO;FEMININO;SUPERIOR COMPLETO;SOLTEIRO(A);ELEITO
PSB;ADMINISTRADOR;MASCULINO;SUPERIOR COMPLETO;CASADO(A);NAO ELEITO
PP;ADMINISTRADOR;MASCULINO;ENSINO MEDIO COMPLETO;CASADO(A);ELEITO
PMDB;ENGENHEIRO;MASCULINO;SUPERIOR COMPLETO;CASADO(A);NAO ELEITO
PP;OUTROS;MASCULINO;SUPERIOR COMPLETO;SOLTEIRO(A);NAO ELEITO
PDT;AGRICULTOR;MASCULINO;ENSINO FUNDAMENTAL INCOMPLETO;SOLTEIRO(A);ELEITO
PSD;TECNICO DE ENFERMAGEM E ASSEMELHADOS (EXCETO ENFERMEIRO);MASCULINO;ENSINO MEDIO COMPLETO;CASADO(A);NAO ELEITO
PT;MEDICO;MASCULINO;SUPERIOR COMPLETO;SEPARADO(A) JUDICIALMENTE;ELEITO
PSB;AGRICULTOR;MASCULINO;ENSINO MEDIO INCOMPLETO;CASADO(A);NAO ELEITO
PMDB;EMPRESARIO;MASCULINO;ENSINO MEDIO INCOMPLETO;DIVORCIADO(A);NAO ELEITO
PT;COMERCIANTE;MASCULINO;ENSINO MEDIO INCOMPLETO;CASADO(A);ELEITO
PT;BANCARIO E ECONOMIARIO;MASCULINO;ENSINO MEDIO COMPLETO;CASADO(A);ELEITO
PV;SERVIDOR PUBLICO FEDERAL;MASCULINO;SUPERIOR COMPLETO;SOLTEIRO(A);NAO ELEITO
PSD;ODONTOLOGO;MASCULINO;SUPERIOR COMPLETO;SOLTEIRO(A);NAO ELEITO
PHS;PECUARISTA;MASCULINO;LE E ESCREVE;CASADO(A);NAO ELEITO
PT;COMERCIANTE;MASCULINO;ENSINO MEDIO COMPLETO;CASADO(A);NAO ELEITO
DEM;AGRICULTOR;MASCULINO;ENSINO MEDIO COMPLETO;CASADO(A);NAO ELEITO
PSD;PREFEITO;MASCULINO;SUPERIOR COMPLETO;CASADO(A);ELEITO
PSD;PREFEITO;MASCULINO;SUPERIOR COMPLETO;CASADO(A);ELEITO
PP;VEREADOR;MASCULINO;ENSINO FUNDAMENTAL INCOMPLETO;CASADO(A);NAO ELEITO
PSB;MEDICO;MASCULINO;SUPERIOR COMPLETO;CASADO(A);NAO ELEITO
PTN;ASSISTENTE SOCIAL;FEMININO;SUPERIOR COMPLETO;CASADO(A);ELEITO
PP;PROFESSOR DE ENSINO FUNDAMENTAL;MASCULINO;ENSINO MEDIO COMPLETO;CASADO(A);NAO ELEITO
PT;PRODUTOR AGROPECUARIO;MASCULINO;ENSINO MEDIO COMPLETO;CASADO(A);NAO ELEITO
PSD;MEDICO;MASCULINO;SUPERIOR COMPLETO;CASADO(A);ELEITO
PT;VEREADOR;MASCULINO;ENSINO MEDIO COMPLETO;SOLTEIRO(A);NAO ELEITO
PRP;EMPRESARIO;MASCULINO;SUPERIOR INCOMPLETO;SOLTEIRO(A);NAO ELEITO
PP;COMERCIANTE;MASCULINO;ENSINO MEDIO COMPLETO;CASADO(A);ELEITO
PSD;PREFEITO;FEMININO;SUPERIOR COMPLETO;CASADO(A);NAO ELEITO
PT;ADMINISTRADOR;FEMININO;ENSINO MEDIO COMPLETO;DIVORCIADO(A);ELEITO
PR;AGRICULTOR;MASCULINO;ENSINO MEDIO INCOMPLETO;SOLTEIRO(A);NAO ELEITO
PT;ADMINISTRADOR;FEMININO;SUPERIOR COMPLETO;CASADO(A);NAO ELEITO
PP;MEDICO;MASCULINO;SUPERIOR COMPLETO;SOLTEIRO(A);NAO ELEITO
PSB;ADMINISTRADOR;FEMININO;SUPERIOR COMPLETO;SOLTEIRO(A);ELEITO
PMDB;PROFESSOR DE ENSINO MEDIO;FEMININO;ENSINO MEDIO COMPLETO;CASADO(A);NAO ELEITO
PV;ADVOGADO;MASCULINO;SUPERIOR COMPLETO;CASADO(A);ELEITO
PC do B;EMPRESARIO;MASCULINO;ENSINO MEDIO COMPLETO;CASADO(A);NAO ELEITO
PP;VETERINARIO;FEMININO;SUPERIOR COMPLETO;SOLTEIRO(A);NAO ELEITO
PP;OUTROS;MASCULINO;ENSINO MEDIO COMPLETO;SOLTEIRO(A);ELEITO
PC do B;ASSISTENTE SOCIAL;FEMININO;SUPERIOR COMPLETO;CASADO(A);NAO ELEITO
PSOL;PROFESSOR DE ENSINO MEDIO;MASCULINO;SUPERIOR COMPLETO;CASADO(A);NAO ELEITO
PTN;AGRICULTOR;MASCULINO;ENSINO MEDIO COMPLETO;CASADO(A);NAO ELEITO
PMDB;AGRICULTOR;MASCULINO;SUPERIOR COMPLETO;SOLTEIRO(A);ELEITO
PSB;OUTROS;MASCULINO;ENSINO MEDIO COMPLETO;CASADO(A);ELEITO
PT;ECONOMISTA;MASCULINO;SUPERIOR COMPLETO;CASADO(A);ELEITO
PDT;PREFEITO;MASCULINO;ENSINO FUNDAMENTAL COMPLETO;SEPARADO(A) JUDICIALMENTE;ELEITO
PSB;FARMACEUTICO;FEMININO;SUPERIOR COMPLETO;CASADO(A);ELEITO
PDT;TRABALHADOR RURAL;MASCULINO;ENSINO MEDIO COMPLETO;SOLTEIRO(A);NAO ELEITO
PSD;PREFEITO;MASCULINO;ENSINO MEDIO COMPLETO;CASADO(A);NAO ELEITO
PP;VETERINARIO;MASCULINO;SUPERIOR COMPLETO;SOLTEIRO(A);NAO ELEITO
PP;COMERCIANTE;MASCULINO;ENSINO MEDIO COMPLETO;CASADO(A);ELEITO
PTB;DONA DE CASA;FEMININO;ENSINO MEDIO COMPLETO;CASADO(A);NAO ELEITO
PT;OUTROS;MASCULINO;ENSINO MEDIO COMPLETO;SOLTEIRO(A);NAO ELEITO
PT;ENGENHEIRO;MASCULINO;SUPERIOR COMPLETO;CASADO(A);NAO ELEITO
PMDB;PREFEITO;MASCULINO;ENSINO MEDIO COMPLETO;CASADO(A);NAO ELEITO
PMDB;EMPRESARIO;MASCULINO;ENSINO FUNDAMENTAL COMPLETO;CASADO(A);NAO ELEITO
PT;ADMINISTRADOR;MASCULINO;SUPERIOR COMPLETO;CASADO(A);NAO ELEITO
PR;PREFEITO;FEMININO;SUPERIOR COMPLETO;CASADO(A);ELEITO
PV;MEDICO;FEMININO;SUPERIOR COMPLETO;DIVORCIADO(A);NAO ELEITO
PTB;AGRICULTOR;MASCULINO;SUPERIOR INCOMPLETO;CASADO(A);NAO ELEITO
PSOL;PROFESSOR DE ENSINO MEDIO;MASCULINO;SUPERIOR COMPLETO;CASADO(A);NAO ELEITO
PSB;OUTROS;MASCULINO;SUPERIOR COMPLETO;CASADO(A);NAO ELEITO
PMDB;AGENTE ADMINISTRATIVO;MASCULINO;ENSINO MEDIO COMPLETO;CASADO(A);NAO ELEITO
PSB;VETERINARIO;MASCULINO;SUPERIOR COMPLETO;SOLTEIRO(A);NAO ELEITO
PRB;ADMINISTRADOR;MASCULINO;SUPERIOR INCOMPLETO;SEPARADO(A) JUDICIALMENTE;NAO ELEITO
PP;PREFEITO;MASCULINO;SUPERIOR COMPLETO;CASADO(A);ELEITO
PT;TECNICO DE MECANICA;MASCULINO;ENSINO MEDIO COMPLETO;CASADO(A);NAO ELEITO
PDT;ENGENHEIRO;MASCULINO;SUPERIOR COMPLETO;SOLTEIRO(A);NAO ELEITO
PMDB;ODONTOLOGO;MASCULINO;SUPERIOR COMPLETO;CASADO(A);NAO ELEITO
PMDB;EMPRESARIO;MASCULINO;ENSINO MEDIO COMPLETO;DIVORCIADO(A);NAO ELEITO
PT;BANCARIO E ECONOMIARIO;MASCULINO;SUPERIOR COMPLETO;CASADO(A);ELEITO
PTN;ENGENHEIRO;MASCULINO;SUPERIOR COMPLETO;CASADO(A);NAO ELEITO
PT;EMPRESARIO;MASCULINO;ENSINO FUNDAMENTAL INCOMPLETO;DIVORCIADO(A);ELEITO
PSD;PRODUTOR AGROPECUARIO;MASCULINO;ENSINO MEDIO COMPLETO;CASADO(A);ELEITO
PMDB;COMERCIANTE;MASCULINO;ENSINO MEDIO COMPLETO;CASADO(A);NAO ELEITO
PDT;AGRICULTOR;MASCULINO;ENSINO MEDIO INCOMPLETO;CASADO(A);ELEITO
PSOL;PROFESSOR DE ENSINO MEDIO;MASCULINO;SUPERIOR COMPLETO;SOLTEIRO(A);NAO ELEITO
PMDB;PREFEITO;MASCULINO;SUPERIOR COMPLETO;SOLTEIRO(A);NAO ELEITO
PSC;EMPRESARIO;MASCULINO;ENSINO MEDIO COMPLETO;CASADO(A);NAO ELEITO
PSB;COMERCIANTE;MASCULINO;ENSINO MEDIO COMPLETO;DIVORCIADO(A);NAO ELEITO
PTN;DEPUTADO;MASCULINO;SUPERIOR INCOMPLETO;CASADO(A);ELEITO
PDT;ADVOGADO;MASCULINO;SUPERIOR COMPLETO;CASADO(A);ELEITO
PSD;PREFEITO;MASCULINO;ENSINO MEDIO COMPLETO;CASADO(A);ELEITO
PSB;SERVIDOR PUBLICO ESTADUAL;MASCULINO;SUPERIOR COMPLETO;CASADO(A);NAO ELEITO
PT;EMPRESARIO;MASCULINO;ENSINO MEDIO COMPLETO;CASADO(A);NAO ELEITO
PT;BANCARIO E ECONOMIARIO;MASCULINO;ENSINO MEDIO COMPLETO;CASADO(A);ELEITO
PDT;TRABALHADOR DE CONSTRUCAO CIVIL;MASCULINO;ENSINO FUNDAMENTAL INCOMPLETO;CASADO(A);ELEITO
PDT;SERVIDOR PUBLICO FEDERAL;MASCULINO;ENSINO FUNDAMENTAL COMPLETO;CASADO(A);NAO ELEITO
PT;ADVOGADO;MASCULINO;SUPERIOR COMPLETO;SOLTEIRO(A);NAO ELEITO
PSDC;AGRICULTOR;MASCULINO;ENSINO FUNDAMENTAL COMPLETO;SOLTEIRO(A);NAO ELEITO
DEM;COMERCIANTE;MASCULINO;ENSINO FUNDAMENTAL INCOMPLETO;DIVORCIADO(A);NAO ELEITO
PP;AGRICULTOR;MASCULINO;ENSINO MEDIO COMPLETO;CASADO(A);NAO ELEITO
PT;AGRICULTOR;MASCULINO;ENSINO FUNDAMENTAL COMPLETO;SOLTEIRO(A);NAO ELEITO
PP;PREFEITO;MASCULINO;SUPERIOR COMPLETO;CASADO(A);NAO ELEITO
PRP;CONTADOR;MASCULINO;ENSINO MEDIO COMPLETO;CASADO(A);NAO ELEITO
PC do B;ODONTOLOGO;MASCULINO;SUPERIOR COMPLETO;CASADO(A);NAO ELEITO
PSB;DEPUTADO;MASCULINO;ENSINO MEDIO COMPLETO;CASADO(A);NAO ELEITO
PSD;PREFEITO;MASCULINO;ENSINO MEDIO COMPLETO;CASADO(A);ELEITO
PT;PREFEITO;MASCULINO;LE E ESCREVE;SOLTEIRO(A);NAO ELEITO
PDT;PREFEITO;MASCULINO;ENSINO MEDIO COMPLETO;SOLTEIRO(A);NAO ELEITO
PP;EMPRESARIO;MASCULINO;SUPERIOR INCOMPLETO;CASADO(A);NAO ELEITO
PR;ADVOGADO;MASCULINO;SUPERIOR COMPLETO;SOLTEIRO(A);ELEITO
PT;EMPRESARIO;MASCULINO;SUPERIOR COMPLETO;CASADO(A);NAO ELEITO
PT;PREFEITO;MASCULINO;SUPERIOR COMPLETO;SOLTEIRO(A);NAO ELEITO
PMDB;MEDICO;MASCULINO;SUPERIOR COMPLETO;CASADO(A);ELEITO
DEM;ADVOGADO;MASCULINO;SUPERIOR COMPLETO;CASADO(A);NAO ELEITO
PDT;MEDICO;MASCULINO;SUPERIOR COMPLETO;CASADO(A);NAO ELEITO
PP;ADVOGADO;MASCULINO;SUPERIOR COMPLETO;CASADO(A);NAO ELEITO
PC do B;ASSISTENTE SOCIAL;FEMININO;SUPERIOR COMPLETO;CASADO(A);NAO ELEITO
PDT;ENFERMEIRO;FEMININO;SUPERIOR COMPLETO;CASADO(A);NAO ELEITO
PSB;ADVOGADO;MASCULINO;SUPERIOR COMPLETO;CASADO(A);NAO ELEITO
PP;MEDICO;MASCULINO;SUPERIOR COMPLETO;CASADO(A);ELEITO
PSD;ADVOGADO;MASCULINO;SUPERIOR COMPLETO;SOLTEIRO(A);ELEITO
PT;EMPRESARIO;MASCULINO;ENSINO MEDIO COMPLETO;CASADO(A);ELEITO
PV;ADVOGADO;MASCULINO;SUPERIOR COMPLETO;CASADO(A);NAO ELEITO
PMDB;OUTROS;MASCULINO;SUPERIOR COMPLETO;CASADO(A);ELEITO
PMDB;ENGENHEIRO;MASCULINO;SUPERIOR COMPLETO;CASADO(A);ELEITO
PR;ESTUDANTE;MASCULINO; ESTAGIARIO E ASSEMELHADOS;SOLTEIRO(A);ELEITO
PRB;PREFEITO;MASCULINO;SUPERIOR COMPLETO;CASADO(A);NAO ELEITO
PT;EMPRESARIO;MASCULINO;ENSINO FUNDAMENTAL INCOMPLETO;CASADO(A);NAO ELEITO
PC do B;COMERCIANTE;MASCULINO;ENSINO MEDIO COMPLETO;CASADO(A);NAO ELEITO
PP;EMPRESARIO;MASCULINO;ENSINO MEDIO COMPLETO;CASADO(A);ELEITO
PC do B;ADVOGADO;MASCULINO;SUPERIOR COMPLETO;CASADO(A);NAO ELEITO
PT;EMPRESARIO;MASCULINO;SUPERIOR COMPLETO;CASADO(A);NAO ELEITO
PMDB;CONTADOR;MASCULINO;ENSINO MEDIO COMPLETO;SOLTEIRO(A);NAO ELEITO
PSB;PECUARISTA;MASCULINO;ENSINO MEDIO COMPLETO;DIVORCIADO(A);NAO ELEITO
PT;AGRICULTOR;MASCULINO;ENSINO MEDIO COMPLETO;SOLTEIRO(A);NAO ELEITO
PC do B;EMPRESARIO;MASCULINO;ENSINO MEDIO COMPLETO;CASADO(A);ELEITO
PDT;AGRICULTOR;MASCULINO;ENSINO MEDIO COMPLETO;CASADO(A);NAO ELEITO
PSD;PREFEITO;MASCULINO;SUPERIOR COMPLETO;SOLTEIRO(A);NAO ELEITO
PC do B;EMPRESARIO;FEMININO;ENSINO MEDIO COMPLETO;SOLTEIRO(A);NAO ELEITO
PC do B;PROFESSOR DE ENSINO FUNDAMENTAL;FEMININO;ENSINO MEDIO COMPLETO;CASADO(A);NAO ELEITO
PSDB;PREFEITO;FEMININO;SUPERIOR INCOMPLETO;DIVORCIADO(A);NAO ELEITO
PMN;PROFESSOR DE ENSINO FUNDAMENTAL;FEMININO;ENSINO MEDIO COMPLETO;CASADO(A);ELEITO
PDT;APOSENTADO (EXCETO SERVIDOR PUBLICO);FEMININO;ENSINO MEDIO COMPLETO;VIUVO(A);NAO ELEITO
PP;AGRICULTOR;FEMININO;ENSINO MEDIO COMPLETO;DIVORCIADO(A);ELEITO
PT;APOSENTADO (EXCETO SERVIDOR PUBLICO);FEMININO;SUPERIOR COMPLETO;SOLTEIRO(A);ELEITO
PSD;PREFEITO;FEMININO;SUPERIOR INCOMPLETO;CASADO(A);ELEITO
PSD;PREFEITO;FEMININO;SUPERIOR COMPLETO;CASADO(A);NAO ELEITO
PMDB;SERVIDOR PUBLICO MUNICIPAL;FEMININO;SUPERIOR COMPLETO;CASADO(A);NAO ELEITO
PSB;PREFEITO;FEMININO;SUPERIOR INCOMPLETO;CASADO(A);ELEITO
PSDB;SERVIDOR PUBLICO MUNICIPAL;FEMININO;ENSINO MEDIO COMPLETO;CASADO(A);ELEITO
PP;PREFEITO;FEMININO;ENSINO MEDIO COMPLETO;VIUVO(A);ELEITO
PDT;MEDICO;FEMININO;SUPERIOR COMPLETO;CASADO(A);NAO ELEITO
PSB;PREFEITO;FEMININO;SUPERIOR COMPLETO;CASADO(A);NAO ELEITO
PSD;MEDICO;MASCULINO;SUPERIOR COMPLETO;CASADO(A);ELEITO
PDT;COMERCIARIO;FEMININO;SUPERIOR INCOMPLETO;DIVORCIADO(A);NAO ELEITO
PMDB;ADMINISTRADOR;MASCULINO;SUPERIOR COMPLETO;CASADO(A);NAO ELEITO
PTC;AGRICULTOR;MASCULINO;ENSINO FUNDAMENTAL INCOMPLETO;SOLTEIRO(A);NAO ELEITO
PT;EMPRESARIO;FEMININO;ENSINO MEDIO COMPLETO;CASADO(A);NAO ELEITO
PT;OUTROS;MASCULINO;SUPERIOR COMPLETO;CASADO(A);ELEITO
DEM;EMPRESARIO;MASCULINO;SUPERIOR COMPLETO;CASADO(A);NAO ELEITO
PTN;ADMINISTRADOR;FEMININO;SUPERIOR INCOMPLETO;CASADO(A);ELEITO
PDT;SERVIDOR PUBLICO MUNICIPAL;FEMININO;SUPERIOR COMPLETO;SOLTEIRO(A);NAO ELEITO
PR;LOCUTOR E COMENTARISTA DE RADIO E TELEVISAO E RADIALISTA;FEMININO;ENSINO MEDIO COMPLETO;CASADO(A);NAO ELEITO
PT;SERVIDOR PUBLICO FEDERAL;MASCULINO;SUPERIOR COMPLETO;SOLTEIRO(A);NAO ELEITO
PMDB;VEREADOR;MASCULINO;ENSINO FUNDAMENTAL COMPLETO;CASADO(A);ELEITO
PPS;VEREADOR;MASCULINO;SUPERIOR INCOMPLETO;SOLTEIRO(A);NAO ELEITO
PC do B;JORNALISTA E REDATOR;MASCULINO;SUPERIOR COMPLETO;SOLTEIRO(A);NAO ELEITO
PT;TECNICO EM AGRONOMIA E AGRIMENSURA;MASCULINO;SUPERIOR INCOMPLETO;CASADO(A);NAO ELEITO
PSD;PREFEITO;MASCULINO;ENSINO MEDIO COMPLETO;SOLTEIRO(A);ELEITO
PP;EMPRESARIO;FEMININO;SUPERIOR COMPLETO;CASADO(A);ELEITO
PSC;AGENTE ADMINISTRATIVO;MASCULINO;SUPERIOR COMPLETO;CASADO(A);NAO ELEITO
PMDB;SERVIDOR PUBLICO MUNICIPAL;MASCULINO;SUPERIOR INCOMPLETO;SOLTEIRO(A);NAO ELEITO
PTB;TRABALHADOR RURAL;MASCULINO;ENSINO MEDIO COMPLETO;SOLTEIRO(A);NAO ELEITO
PSB;PREFEITO;MASCULINO;SUPERIOR COMPLETO;CASADO(A);ELEITO
PTN;PREFEITO;MASCULINO;ENSINO MEDIO COMPLETO;CASADO(A);ELEITO
PSOL;ARTISTA PLASTICO E ASSEMELHADOS;MASCULINO;ENSINO MEDIO COMPLETO;DIVORCIADO(A);NAO ELEITO
PRB;AGRICULTOR;MASCULINO;ENSINO MEDIO COMPLETO;CASADO(A);NAO ELEITO
PDT;VEREADOR;FEMININO;SUPERIOR COMPLETO;SOLTEIRO(A);ELEITO
PSB;ADVOGADO;MASCULINO;SUPERIOR COMPLETO;SOLTEIRO(A);NAO ELEITO
PP;EMPRESARIO;MASCULINO;ENSINO MEDIO COMPLETO;CASADO(A);NAO ELEITO
PR;PECUARISTA;MASCULINO;ENSINO FUNDAMENTAL COMPLETO;CASADO(A);NAO ELEITO
PSD;EMPRESARIO;MASCULINO;ENSINO MEDIO COMPLETO;SOLTEIRO(A);ELEITO
PDT;EMPRESARIO;MASCULINO;SUPERIOR COMPLETO;CASADO(A);ELEITO
PP;PREFEITO;MASCULINO;SUPERIOR COMPLETO;CASADO(A);NAO ELEITO
PTC;ECONOMISTA;MASCULINO;SUPERIOR INCOMPLETO;CASADO(A);NAO ELEITO
PP;COMERCIANTE;MASCULINO;ENSINO MEDIO COMPLETO;CASADO(A);NAO ELEITO
PSD;ENFERMEIRO;FEMININO;SUPERIOR COMPLETO;CASADO(A);ELEITO
PDT;ADMINISTRADOR;MASCULINO;SUPERIOR COMPLETO;CASADO(A);NAO ELEITO
PSB;MEDICO;MASCULINO;SUPERIOR COMPLETO;SOLTEIRO(A);NAO ELEITO
PT do B;MEDICO;MASCULINO;SUPERIOR COMPLETO;CASADO(A);NAO ELEITO
DEM;PECUARISTA;MASCULINO;ENSINO MEDIO COMPLETO;CASADO(A);ELEITO
PR;SERVIDOR PUBLICO FEDERAL;FEMININO;SUPERIOR COMPLETO;CASADO(A);NAO ELEITO
PRB;DEPUTADO;MASCULINO;ENSINO MEDIO COMPLETO;CASADO(A);NAO ELEITO
PT;EMPRESARIO;MASCULINO;ENSINO MEDIO COMPLETO;SOLTEIRO(A);ELEITO
PV;AGRICULTOR;MASCULINO;ENSINO MEDIO COMPLETO;CASADO(A);NAO ELEITO
PSD;VEREADOR;MASCULINO;ENSINO MEDIO COMPLETO;SOLTEIRO(A);ELEITO
PT;PROFESSOR DE ENSINO MEDIO;FEMININO;SUPERIOR COMPLETO;SOLTEIRO(A);NAO ELEITO
PT;SERVIDOR PUBLICO FEDERAL;MASCULINO;ENSINO MEDIO COMPLETO;SOLTEIRO(A);NAO ELEITO
PR;AGRICULTOR;MASCULINO;ENSINO FUNDAMENTAL COMPLETO;SOLTEIRO(A);NAO ELEITO
PPL;ADMINISTRADOR;MASCULINO;ENSINO MEDIO COMPLETO;CASADO(A);NAO ELEITO
PT;DEPUTADO;MASCULINO;SUPERIOR COMPLETO;CASADO(A);ELEITO
PP;PROFESSOR DE ENSINO MEDIO;FEMININO;SUPERIOR COMPLETO;CASADO(A);NAO ELEITO
PDT;AGRICULTOR;MASCULINO;ENSINO MEDIO COMPLETO;CASADO(A);ELEITO
PDT;DONA DE CASA;FEMININO;SUPERIOR INCOMPLETO;CASADO(A);NAO ELEITO
PSC;MEDICO;MASCULINO;SUPERIOR COMPLETO;SOLTEIRO(A);NAO ELEITO
PT;PREFEITO;MASCULINO;SUPERIOR COMPLETO;VIUVO(A);NAO ELEITO
PMDB;SERVIDOR PUBLICO FEDERAL;MASCULINO;ENSINO MEDIO COMPLETO;CASADO(A);ELEITO
PTC;AGRICULTOR;MASCULINO;ENSINO MEDIO INCOMPLETO;CASADO(A);NAO ELEITO
PT;SERVIDOR PUBLICO FEDERAL;MASCULINO;ENSINO MEDIO COMPLETO;CASADO(A);NAO ELEITO
PC do B;SERVIDOR PUBLICO FEDERAL;MASCULINO;SUPERIOR COMPLETO;CASADO(A);NAO ELEITO
PT;PREFEITO;MASCULINO;LE E ESCREVE;CASADO(A);NAO ELEITO
PSB;PECUARISTA;MASCULINO;ENSINO MEDIO COMPLETO;CASADO(A);ELEITO
PP;EMPRESARIO;MASCULINO;ENSINO MEDIO COMPLETO;CASADO(A);ELEITO
PSD;PECUARISTA;MASCULINO;ENSINO MEDIO COMPLETO;SOLTEIRO(A);NAO ELEITO
PMDB;ENGENHEIRO;MASCULINO;SUPERIOR COMPLETO;CASADO(A);ELEITO
PC do B;AGRICULTOR;MASCULINO;ENSINO MEDIO COMPLETO;CASADO(A);NAO ELEITO
PSD;PREFEITO;FEMININO;SUPERIOR COMPLETO;CASADO(A);NAO ELEITO
PRB;ENFERMEIRO;FEMININO;SUPERIOR COMPLETO;SOLTEIRO(A);ELEITO
PP;ADMINISTRADOR;MASCULINO;SUPERIOR INCOMPLETO;CASADO(A);ELEITO
PSD;ODONTOLOGO;MASCULINO;SUPERIOR COMPLETO;SOLTEIRO(A);NAO ELEITO
PDT;CORRETOR DE IMOVEIS;FEMININO; TITULOS E VALORES;SOLTEIRO(A);NAO ELEITO
PDT;ENGENHEIRO;MASCULINO;SUPERIOR COMPLETO;CASADO(A);ELEITO
PDT;MEDICO;MASCULINO;SUPERIOR COMPLETO;CASADO(A);NAO ELEITO
PSB;OUTROS;MASCULINO;SUPERIOR INCOMPLETO;CASADO(A);ELEITO
PRTB;SERVIDOR PUBLICO FEDERAL;MASCULINO;SUPERIOR COMPLETO;CASADO(A);NAO ELEITO
PMDB;ADMINISTRADOR;MASCULINO;SUPERIOR COMPLETO;SOLTEIRO(A);NAO ELEITO
PR;COMERCIANTE;MASCULINO;ENSINO MEDIO COMPLETO;DIVORCIADO(A);NAO ELEITO
PSD;PROFESSOR DE ENSINO MEDIO;MASCULINO;SUPERIOR COMPLETO;CASADO(A);ELEITO
PC do B;COMERCIANTE;MASCULINO;ENSINO MEDIO INCOMPLETO;CASADO(A);ELEITO
PT;SERVIDOR PUBLICO MUNICIPAL;MASCULINO;SUPERIOR COMPLETO;SOLTEIRO(A);ELEITO
PTB;MEDICO;MASCULINO;SUPERIOR INCOMPLETO;CASADO(A);NAO ELEITO
PMDB;PREFEITO;MASCULINO;ENSINO MEDIO COMPLETO;CASADO(A);NAO ELEITO
PC do B;PROFESSOR DE ENSINO SUPERIOR;MASCULINO;SUPERIOR COMPLETO;CASADO(A);NAO ELEITO
PT;COMERCIANTE;MASCULINO;SUPERIOR INCOMPLETO;CASADO(A);NAO ELEITO
PT do B;PROFESSOR DE ENSINO MEDIO;MASCULINO;SUPERIOR COMPLETO;SOLTEIRO(A);NAO ELEITO
PC do B;ADVOGADO;MASCULINO;SUPERIOR COMPLETO;CASADO(A);ELEITO
PP;OUTROS;MASCULINO;SUPERIOR COMPLETO;DIVORCIADO(A);ELEITO
PT;BANCARIO E ECONOMIARIO;MASCULINO;SUPERIOR INCOMPLETO;CASADO(A);NAO ELEITO
PDT;DEPUTADO;MASCULINO;SUPERIOR COMPLETO;CASADO(A);NAO ELEITO
PC do B;SERVIDOR PUBLICO MUNICIPAL;MASCULINO;ENSINO MEDIO COMPLETO;CASADO(A);NAO ELEITO
PT;SERVIDOR PUBLICO MUNICIPAL;FEMININO;ENSINO MEDIO COMPLETO;SOLTEIRO(A);ELEITO
PDT;SERVENTUARIO DE JUSTICA;MASCULINO;SUPERIOR COMPLETO;CASADO(A);ELEITO
PPS;ESTUDANTE;FEMININO; ESTAGIARIO E ASSEMELHADOS;SOLTEIRO(A);ELEITO
PSL;VEREADOR;MASCULINO;ENSINO MEDIO INCOMPLETO;SOLTEIRO(A);NAO ELEITO
PRP;COMERCIANTE;MASCULINO;ENSINO MEDIO COMPLETO;CASADO(A);ELEITO
PP;PROFESSOR DE ENSINO SUPERIOR;MASCULINO;SUPERIOR COMPLETO;CASADO(A);NAO ELEITO
PRP;MEDICO;MASCULINO;SUPERIOR COMPLETO;CASADO(A);ELEITO
PP;EMPRESARIO;MASCULINO;ENSINO MEDIO COMPLETO;CASADO(A);NAO ELEITO
PDT;PREFEITO;MASCULINO;SUPERIOR COMPLETO;CASADO(A);ELEITO
PT;EMPRESARIO;MASCULINO;SUPERIOR INCOMPLETO;SOLTEIRO(A);ELEITO
PR;EMPRESARIO;MASCULINO;SUPERIOR INCOMPLETO;DIVORCIADO(A);ELEITO
PDT;OUTROS;MASCULINO;SUPERIOR COMPLETO;SOLTEIRO(A);NAO ELEITO
PSB;ADVOGADO;MASCULINO;SUPERIOR COMPLETO;CASADO(A);ELEITO
PSOL;PROFESSOR DE ENSINO SUPERIOR;MASCULINO;SUPERIOR COMPLETO;SOLTEIRO(A);NAO ELEITO
PC do B;PREFEITO;MASCULINO;ENSINO MEDIO COMPLETO;CASADO(A);ELEITO
PR;PROFESSOR DE ENSINO SUPERIOR;MASCULINO;SUPERIOR COMPLETO;SOLTEIRO(A);NAO ELEITO
PSD;AGRICULTOR;MASCULINO;ENSINO MEDIO COMPLETO;CASADO(A);ELEITO
PV;MEDICO;MASCULINO;SUPERIOR COMPLETO;CASADO(A);NAO ELEITO
PT;SERVIDOR PUBLICO MUNICIPAL;MASCULINO;ENSINO FUNDAMENTAL INCOMPLETO;SOLTEIRO(A);ELEITO
PMN;MEDICO;MASCULINO;SUPERIOR COMPLETO;DIVORCIADO(A);NAO ELEITO
PP;ADMINISTRADOR;MASCULINO;SUPERIOR COMPLETO;CASADO(A);NAO ELEITO
PC do B;ADVOGADO;MASCULINO;SUPERIOR COMPLETO;CASADO(A);NAO ELEITO
PSC;VEREADOR;MASCULINO;SUPERIOR COMPLETO;CASADO(A);NAO ELEITO
PMDB;SERVIDOR PUBLICO ESTADUAL;MASCULINO;SUPERIOR COMPLETO;CASADO(A);NAO ELEITO
PCB;PORTEIRO DE EDIFICIO;MASCULINO;SUPERIOR INCOMPLETO;SOLTEIRO(A);NAO ELEITO
PSD;OUTROS;MASCULINO;ENSINO MEDIO COMPLETO;SOLTEIRO(A);NAO ELEITO
PSB;ECONOMISTA;MASCULINO;SUPERIOR COMPLETO;CASADO(A);ELEITO
PT;VEREADOR;MASCULINO;ENSINO FUNDAMENTAL COMPLETO;CASADO(A);ELEITO
PTB;EMPRESARIO;MASCULINO;ENSINO MEDIO COMPLETO;CASADO(A);NAO ELEITO
PDT;EMPRESARIO;MASCULINO;ENSINO MEDIO COMPLETO;CASADO(A);ELEITO
PT;PREFEITO;MASCULINO;SUPERIOR COMPLETO;CASADO(A);ELEITO
PSOL;AGRICULTOR;MASCULINO;ENSINO FUNDAMENTAL COMPLETO;SOLTEIRO(A);NAO ELEITO
PRP;POLICIAL MILITAR;MASCULINO;ENSINO MEDIO COMPLETO;CASADO(A);NAO ELEITO
PC do B;PECUARISTA;MASCULINO;SUPERIOR COMPLETO;CASADO(A);NAO ELEITO
PDT;MEDICO;MASCULINO;SUPERIOR COMPLETO;CASADO(A);ELEITO
PP;ENGENHEIRO;MASCULINO;SUPERIOR COMPLETO;CASADO(A);NAO ELEITO
PT;FISIOTERAPEUTA E TERAPEUTA OCUPACIONAL;MASCULINO;SUPERIOR COMPLETO;SOLTEIRO(A);ELEITO
PT;AGRICULTOR;MASCULINO;SUPERIOR INCOMPLETO;SOLTEIRO(A);ELEITO
PDT;PREFEITO;FEMININO;ENSINO MEDIO INCOMPLETO;VIUVO(A);NAO ELEITO
PSC;EMPRESARIO;MASCULINO;ENSINO FUNDAMENTAL COMPLETO;CASADO(A);ELEITO
PDT;ODONTOLOGO;MASCULINO;SUPERIOR COMPLETO;DIVORCIADO(A);ELEITO
PSD;PREFEITO;MASCULINO;ENSINO FUNDAMENTAL INCOMPLETO;CASADO(A);ELEITO
PV;COMERCIANTE;MASCULINO;ENSINO MEDIO COMPLETO;CASADO(A);NAO ELEITO
PT;PREFEITO;MASCULINO;SUPERIOR INCOMPLETO;CASADO(A);NAO ELEITO
PTC;COMERCIANTE;MASCULINO;SUPERIOR INCOMPLETO;CASADO(A);NAO ELEITO
PSD;PREFEITO;MASCULINO;SUPERIOR INCOMPLETO;CASADO(A);ELEITO
PDT;CORRETOR DE IMOVEIS;MASCULINO; TITULOS E VALORES;SOLTEIRO(A);ELEITO
PP;PREFEITO;MASCULINO;ENSINO MEDIO COMPLETO;CASADO(A);NAO ELEITO
PSDC;FISIOTERAPEUTA E TERAPEUTA OCUPACIONAL;MASCULINO;SUPERIOR COMPLETO;CASADO(A);NAO ELEITO
PSD;PREFEITO;MASCULINO;ENSINO MEDIO COMPLETO;CASADO(A);ELEITO
PSB;PEDAGOGO;FEMININO;SUPERIOR COMPLETO;CASADO(A);ELEITO
PSD;EMPRESARIO;MASCULINO;ENSINO FUNDAMENTAL COMPLETO;CASADO(A);ELEITO
PMDB;COMERCIANTE;MASCULINO;ENSINO MEDIO COMPLETO;SOLTEIRO(A);NAO ELEITO
PSD;MEDICO;MASCULINO;SUPERIOR COMPLETO;CASADO(A);NAO ELEITO
PT;AGRICULTOR;MASCULINO;ENSINO MEDIO COMPLETO;CASADO(A);ELEITO
PMDB;OUTROS;MASCULINO;SUPERIOR COMPLETO;CASADO(A);NAO ELEITO
PSOL;ADVOGADO;MASCULINO;SUPERIOR COMPLETO;SOLTEIRO(A);NAO ELEITO
PSOL;OUTROS;MASCULINO;ENSINO MEDIO COMPLETO;SOLTEIRO(A);NAO ELEITO
PP;PREFEITO;MASCULINO;ENSINO MEDIO COMPLETO;CASADO(A);NAO ELEITO
PV;ADVOGADO;MASCULINO;SUPERIOR COMPLETO;SOLTEIRO(A);NAO ELEITO
PSDB;MEDICO;MASCULINO;SUPERIOR COMPLETO;CASADO(A);NAO ELEITO
PT;PREFEITO;MASCULINO;ENSINO MEDIO COMPLETO;CASADO(A);ELEITO
PSD;VEREADOR;MASCULINO;ENSINO MEDIO COMPLETO;SOLTEIRO(A);ELEITO
PSC;AGRICULTOR;MASCULINO;ENSINO MEDIO COMPLETO;CASADO(A);NAO ELEITO
PMDB;PREFEITO;MASCULINO;ENSINO MEDIO COMPLETO;CASADO(A);ELEITO
PSD;PREFEITO;MASCULINO;ENSINO MEDIO COMPLETO;CASADO(A);ELEITO
PRP;COMERCIANTE;MASCULINO;SUPERIOR COMPLETO;DIVORCIADO(A);ELEITO
PT;PREFEITO;FEMININO;SUPERIOR COMPLETO;CASADO(A);ELEITO
PP;PROFESSOR DE ENSINO MEDIO;FEMININO;SUPERIOR COMPLETO;SOLTEIRO(A);ELEITO
PSL;MEDICO;FEMININO;SUPERIOR COMPLETO;CASADO(A);NAO ELEITO
PDT;VEREADOR;MASCULINO;ENSINO FUNDAMENTAL COMPLETO;SOLTEIRO(A);NAO ELEITO
PDT;ADVOGADO;MASCULINO;SUPERIOR COMPLETO;CASADO(A);NAO ELEITO
PP;ADVOGADO;MASCULINO;SUPERIOR COMPLETO;SOLTEIRO(A);NAO ELEITO
PRP;AGRICULTOR;MASCULINO;ENSINO FUNDAMENTAL INCOMPLETO;CASADO(A);NAO ELEITO
PMDB;COMERCIANTE;MASCULINO;ENSINO MEDIO COMPLETO;CASADO(A);ELEITO
PMDB;EMPRESARIO;MASCULINO;ENSINO MEDIO COMPLETO;CASADO(A);ELEITO
PT;VEREADOR;MASCULINO;LE E ESCREVE;SOLTEIRO(A);ELEITO
PP;EMPRESARIO;MASCULINO;ENSINO MEDIO COMPLETO;CASADO(A);NAO ELEITO
PTN;VEREADOR;MASCULINO;ENSINO MEDIO COMPLETO;SOLTEIRO(A);ELEITO
PSDB;ADVOGADO;MASCULINO;SUPERIOR COMPLETO;CASADO(A);NAO ELEITO
PT;AGENTE ADMINISTRATIVO;MASCULINO;ENSINO MEDIO COMPLETO;CASADO(A);NAO ELEITO
PT;PREFEITO;MASCULINO;SUPERIOR COMPLETO;CASADO(A);NAO ELEITO
PRTB;ANALISTA DE SISTEMAS;MASCULINO;SUPERIOR INCOMPLETO;SOLTEIRO(A);NAO ELEITO
PSC;FARMACEUTICO;MASCULINO;SUPERIOR COMPLETO;CASADO(A);NAO ELEITO
PMDB;PROFESSOR DE ENSINO FUNDAMENTAL;FEMININO;ENSINO MEDIO COMPLETO;CASADO(A);NAO ELEITO
PMDB;PREFEITO;MASCULINO;SUPERIOR COMPLETO;CASADO(A);NAO ELEITO
PSD;OUTROS;MASCULINO;ENSINO MEDIO COMPLETO;CASADO(A);ELEITO
PP;PREFEITO;MASCULINO;ENSINO FUNDAMENTAL COMPLETO;CASADO(A);NAO ELEITO
PT;EMPRESARIO;MASCULINO;ENSINO MEDIO COMPLETO;CASADO(A);NAO ELEITO
PSD;PREFEITO;MASCULINO;SUPERIOR INCOMPLETO;CASADO(A);NAO ELEITO
PR;EMPRESARIO;MASCULINO;ENSINO MEDIO COMPLETO;SOLTEIRO(A);NAO ELEITO
PC do B;POLICIAL MILITAR;MASCULINO;SUPERIOR COMPLETO;SOLTEIRO(A);NAO ELEITO
PDT;TECNICO CONTABILIDADE;MASCULINO;SUPERIOR INCOMPLETO;SOLTEIRO(A);NAO ELEITO
PDT;SERVENTUARIO DE JUSTICA;MASCULINO;SUPERIOR COMPLETO;DIVORCIADO(A);NAO ELEITO
PT;AGRONOMO;MASCULINO;SUPERIOR COMPLETO;CASADO(A);NAO ELEITO
PP;COMERCIANTE;FEMININO;ENSINO MEDIO COMPLETO;CASADO(A);NAO ELEITO
PR;EMPRESARIO;FEMININO;ENSINO MEDIO COMPLETO;SOLTEIRO(A);ELEITO
PRB;ADMINISTRADOR;MASCULINO;ENSINO MEDIO COMPLETO;SEPARADO(A) JUDICIALMENTE;NAO ELEITO
PT;ADVOGADO;MASCULINO;SUPERIOR COMPLETO;CASADO(A);NAO ELEITO
PMDB;SERVIDOR PUBLICO MUNICIPAL;FEMININO;ENSINO MEDIO COMPLETO;CASADO(A);NAO ELEITO
PT;EMPRESARIO;MASCULINO;SUPERIOR COMPLETO;VIUVO(A);NAO ELEITO
PR;INDUSTRIAL;MASCULINO;ENSINO FUNDAMENTAL COMPLETO;VIUVO(A);NAO ELEITO
PV;MEDICO;MASCULINO;SUPERIOR COMPLETO;CASADO(A);NAO ELEITO
PSOL;ADMINISTRADOR;MASCULINO;SUPERIOR COMPLETO;SOLTEIRO(A);NAO ELEITO
PDT;PREFEITO;MASCULINO;SUPERIOR COMPLETO;CASADO(A);ELEITO
PDT;TABELIAO;MASCULINO;ENSINO MEDIO COMPLETO;CASADO(A);NAO ELEITO
PMDB;PREFEITO;MASCULINO;ENSINO MEDIO COMPLETO;CASADO(A);ELEITO
PMDB;MEDICO;MASCULINO;SUPERIOR COMPLETO;CASADO(A);ELEITO
PP;OUTROS;MASCULINO;ENSINO MEDIO COMPLETO;CASADO(A);ELEITO
PT;ADVOGADO;MASCULINO;SUPERIOR COMPLETO;SOLTEIRO(A);NAO ELEITO
PSDB;PROFESSOR DE ENSINO FUNDAMENTAL;FEMININO;SUPERIOR COMPLETO;CASADO(A);NAO ELEITO
DEM;PREFEITO;FEMININO;SUPERIOR COMPLETO;CASADO(A);ELEITO
PC do B;AGRICULTOR;FEMININO;SUPERIOR COMPLETO;SOLTEIRO(A);NAO ELEITO
PSD;SECRETARIO E DATILOGRAFO;FEMININO;SUPERIOR COMPLETO;CASADO(A);ELEITO
PRB;ENFERMEIRO;FEMININO;SUPERIOR COMPLETO;SOLTEIRO(A);NAO ELEITO
PSDC;BANCARIO E ECONOMIARIO;FEMININO;SUPERIOR COMPLETO;CASADO(A);NAO ELEITO
PT;OUTROS;MASCULINO;ENSINO MEDIO COMPLETO;CASADO(A);NAO ELEITO
PTN;PECUARISTA;MASCULINO;ENSINO MEDIO COMPLETO;CASADO(A);NAO ELEITO
PV;MEDICO;MASCULINO;SUPERIOR COMPLETO;CASADO(A);NAO ELEITO
PV;PECUARISTA;MASCULINO;ENSINO MEDIO COMPLETO;CASADO(A);ELEITO
PT;PREFEITO;FEMININO;SUPERIOR COMPLETO;CASADO(A);ELEITO
PT;SERVIDOR PUBLICO MUNICIPAL;MASCULINO;ENSINO FUNDAMENTAL INCOMPLETO;CASADO(A);ELEITO
PRB;COMERCIARIO;MASCULINO;ENSINO MEDIO INCOMPLETO;CASADO(A);NAO ELEITO
PSDB;ADMINISTRADOR;FEMININO;SUPERIOR INCOMPLETO;SOLTEIRO(A);NAO ELEITO
PSDC;OUTROS;MASCULINO;ENSINO MEDIO COMPLETO;CASADO(A);NAO ELEITO
PMDB;EMPRESARIO;MASCULINO;SUPERIOR COMPLETO;CASADO(A);NAO ELEITO
PT;PREFEITO;MASCULINO;ENSINO MEDIO COMPLETO;CASADO(A);NAO ELEITO
PV;PROFESSOR DE ENSINO SUPERIOR;MASCULINO;SUPERIOR COMPLETO;SOLTEIRO(A);NAO ELEITO
PC do B;EMPRESARIO;FEMININO;SUPERIOR COMPLETO;CASADO(A);NAO ELEITO
PP;COMERCIANTE;FEMININO;ENSINO MEDIO COMPLETO;CASADO(A);ELEITO
PMDB;ADVOGADO;MASCULINO;SUPERIOR COMPLETO;SOLTEIRO(A);NAO ELEITO
PSD;PREFEITO;FEMININO;SUPERIOR INCOMPLETO;DIVORCIADO(A);NAO ELEITO
PDT;APOSENTADO (EXCETO SERVIDOR PUBLICO);FEMININO;SUPERIOR INCOMPLETO;VIUVO(A);ELEITO
PDT;PREFEITO;MASCULINO;SUPERIOR COMPLETO;CASADO(A);NAO ELEITO
PR;OUTROS;MASCULINO;ENSINO MEDIO COMPLETO;SOLTEIRO(A);ELEITO
PV;BANCARIO E ECONOMIARIO;MASCULINO;SUPERIOR COMPLETO;DIVORCIADO(A);NAO ELEITO
PSC;MEDICO;MASCULINO;SUPERIOR COMPLETO;SOLTEIRO(A);NAO ELEITO
PSD;DEPUTADO;MASCULINO;ENSINO MEDIO COMPLETO;CASADO(A);NAO ELEITO
PDT;PREFEITO;MASCULINO;ENSINO MEDIO COMPLETO;SOLTEIRO(A);NAO ELEITO
PP;PROFESSOR DE ENSINO FUNDAMENTAL;FEMININO;ENSINO MEDIO COMPLETO;CASADO(A);NAO ELEITO
PP;MEDICO;MASCULINO;SUPERIOR COMPLETO;CASADO(A);NAO ELEITO
PSD;BIOMEDICO;FEMININO;SUPERIOR COMPLETO;CASADO(A);ELEITO
PSDB;ADVOGADO;MASCULINO;SUPERIOR COMPLETO;CASADO(A);NAO ELEITO
PDT;PREFEITO;MASCULINO;SUPERIOR COMPLETO;CASADO(A);ELEITO
PP;MEDICO;FEMININO;SUPERIOR COMPLETO;DIVORCIADO(A);ELEITO
PSD;AGENTE ADMINISTRATIVO;FEMININO;SUPERIOR COMPLETO;SOLTEIRO(A);ELEITO
PMDB;ADVOGADO;MASCULINO;SUPERIOR COMPLETO;CASADO(A);NAO ELEITO
PSD;AGRICULTOR;MASCULINO;ENSINO MEDIO COMPLETO;SOLTEIRO(A);NAO ELEITO
PDT;PREFEITO;MASCULINO;ENSINO MEDIO INCOMPLETO;CASADO(A);NAO ELEITO
PR;SERVIDOR PUBLICO MUNICIPAL;MASCULINO;ENSINO MEDIO COMPLETO;DIVORCIADO(A);ELEITO
PT;AGRICULTOR;MASCULINO;ENSINO MEDIO COMPLETO;CASADO(A);ELEITO
PDT;EMPRESARIO;MASCULINO;ENSINO FUNDAMENTAL INCOMPLETO;SOLTEIRO(A);NAO ELEITO
PT;AGRICULTOR;MASCULINO;ENSINO FUNDAMENTAL COMPLETO;DIVORCIADO(A);NAO ELEITO
PT;PREFEITO;MASCULINO;ENSINO FUNDAMENTAL INCOMPLETO;VIUVO(A);ELEITO
PR;AGRICULTOR;MASCULINO;ENSINO MEDIO COMPLETO;SOLTEIRO(A);ELEITO
PMDB;PREFEITO;MASCULINO;ENSINO FUNDAMENTAL INCOMPLETO;CASADO(A);NAO ELEITO
PT;ADMINISTRADOR;MASCULINO;SUPERIOR COMPLETO;CASADO(A);NAO ELEITO
PDT;PROFESSOR DE ENSINO MEDIO;MASCULINO;SUPERIOR COMPLETO;CASADO(A);NAO ELEITO
PP;PREFEITO;FEMININO;SUPERIOR COMPLETO;CASADO(A);NAO ELEITO
PSB;PREFEITO;MASCULINO;ENSINO FUNDAMENTAL COMPLETO;SOLTEIRO(A);ELEITO
PDT;GERENTE;MASCULINO;ENSINO MEDIO COMPLETO;CASADO(A);NAO ELEITO
PMDB;AGRICULTOR;MASCULINO;ENSINO FUNDAMENTAL INCOMPLETO;CASADO(A);ELEITO
PSOL;PROFESSOR DE ENSINO MEDIO;MASCULINO;SUPERIOR COMPLETO;CASADO(A);NAO ELEITO
PC do B;SERVIDOR PUBLICO ESTADUAL;MASCULINO;SUPERIOR COMPLETO;SOLTEIRO(A);ELEITO
PT;COMERCIANTE;MASCULINO;ENSINO MEDIO COMPLETO;CASADO(A);NAO ELEITO
PSD;ADMINISTRADOR;MASCULINO;ENSINO MEDIO COMPLETO;SOLTEIRO(A);NAO ELEITO
PT;ADVOGADO;MASCULINO;SUPERIOR COMPLETO;CASADO(A);ELEITO
PDT;PROFESSOR DE ENSINO MEDIO;FEMININO;SUPERIOR COMPLETO;DIVORCIADO(A);NAO ELEITO
PRB;PEDAGOGO;MASCULINO;SUPERIOR COMPLETO;DIVORCIADO(A);NAO ELEITO
PSC;PROFESSOR DE ENSINO FUNDAMENTAL;FEMININO;ENSINO MEDIO COMPLETO;CASADO(A);ELEITO
PMDB;VEREADOR;FEMININO;ENSINO MEDIO COMPLETO;SOLTEIRO(A);ELEITO
PP;DONA DE CASA;FEMININO;ENSINO MEDIO COMPLETO;CASADO(A);NAO ELEITO
PV;AGENTE DE VIAGEM;FEMININO;ENSINO MEDIO COMPLETO;VIUVO(A);NAO ELEITO
PSD;AGRICULTOR;MASCULINO;ENSINO MEDIO COMPLETO;CASADO(A);NAO ELEITO
PP;ESTUDANTE;FEMININO; ESTAGIARIO E ASSEMELHADOS;SOLTEIRO(A);NAO ELEITO
PSD;MOTORISTA PARTICULAR;MASCULINO;ENSINO MEDIO COMPLETO;SOLTEIRO(A);NAO ELEITO
PRP;COMERCIANTE;MASCULINO;ENSINO FUNDAMENTAL INCOMPLETO;SOLTEIRO(A);NAO ELEITO
PSB;MEDICO;MASCULINO;SUPERIOR COMPLETO;CASADO(A);NAO ELEITO
PMDB;EMPRESARIO;FEMININO;ENSINO MEDIO COMPLETO;SOLTEIRO(A);NAO ELEITO
PSDB;EMPRESARIO;MASCULINO;SUPERIOR COMPLETO;CASADO(A);ELEITO
PSD;COMERCIANTE;MASCULINO;ENSINO MEDIO COMPLETO;CASADO(A);NAO ELEITO
PT;PREFEITO;MASCULINO;SUPERIOR COMPLETO;CASADO(A);NAO ELEITO
PT;AGRICULTOR;MASCULINO;SUPERIOR INCOMPLETO;SOLTEIRO(A);ELEITO
PC do B;PREFEITO;MASCULINO;ENSINO MEDIO COMPLETO;CASADO(A);NAO ELEITO
PV;SERVIDOR PUBLICO MUNICIPAL;MASCULINO;SUPERIOR COMPLETO;DIVORCIADO(A);NAO ELEITO
PSB;ADVOGADO;MASCULINO;SUPERIOR COMPLETO;CASADO(A);NAO ELEITO
PP;OUTROS;MASCULINO;ENSINO FUNDAMENTAL COMPLETO;CASADO(A);ELEITO
PP;AGRICULTOR;MASCULINO;ENSINO MEDIO COMPLETO;SOLTEIRO(A);ELEITO
PSD;MEDICO;MASCULINO;SUPERIOR COMPLETO;CASADO(A);NAO ELEITO
PSD;COMERCIANTE;MASCULINO;ENSINO MEDIO COMPLETO;SOLTEIRO(A);NAO ELEITO
PSD;OCUPANTE DE CARGO EM COMISSAO;MASCULINO;ENSINO MEDIO COMPLETO;DIVORCIADO(A);NAO ELEITO
PSD;EMPRESARIO;MASCULINO;ENSINO MEDIO COMPLETO;SOLTEIRO(A);ELEITO
PSB;SERVIDOR PUBLICO FEDERAL;MASCULINO;ENSINO MEDIO COMPLETO;CASADO(A);NAO ELEITO
PSD;VEREADOR;MASCULINO;ENSINO MEDIO COMPLETO;CASADO(A);NAO ELEITO
PSD;COMERCIANTE;MASCULINO;ENSINO MEDIO COMPLETO;CASADO(A);ELEITO
PMDB;EMPRESARIO;MASCULINO;ENSINO MEDIO COMPLETO;DIVORCIADO(A);ELEITO
PP;MEDICO;MASCULINO;SUPERIOR COMPLETO;CASADO(A);ELEITO
PSB;PREFEITO;MASCULINO;ENSINO MEDIO INCOMPLETO;DIVORCIADO(A);ELEITO
PSL;VENDEDOR DE COMERCIO VAREJISTA E ATACADISTA;MASCULINO;ENSINO MEDIO INCOMPLETO;CASADO(A);NAO ELEITO
PT;PREFEITO;FEMININO;SUPERIOR INCOMPLETO;CASADO(A);ELEITO
PP;AGRICULTOR;MASCULINO;ENSINO MEDIO COMPLETO;CASADO(A);ELEITO
PSD;OUTROS;MASCULINO;SUPERIOR COMPLETO;SOLTEIRO(A);ELEITO
PP;EMPRESARIO;MASCULINO;SUPERIOR INCOMPLETO;CASADO(A);NAO ELEITO
PT;ADVOGADO;MASCULINO;SUPERIOR COMPLETO;CASADO(A);NAO ELEITO
PMDB;ADMINISTRADOR;FEMININO;SUPERIOR COMPLETO;CASADO(A);NAO ELEITO
PT;MEDICO;MASCULINO;SUPERIOR COMPLETO;DIVORCIADO(A);NAO ELEITO
DEM;DEPUTADO;MASCULINO;SUPERIOR COMPLETO;DIVORCIADO(A);ELEITO
PT;PREFEITO;MASCULINO;SUPERIOR COMPLETO;CASADO(A);ELEITO
PMDB;JORNALISTA E REDATOR;MASCULINO;SUPERIOR COMPLETO;CASADO(A);NAO ELEITO
PT;DEPUTADO;MASCULINO;SUPERIOR COMPLETO;CASADO(A);NAO ELEITO
